folder_name,candidate_id,function_name,status,gate_status,fail,very_suspicious,suspicious,mildly_suspicious,unusual,normalish,normal,total_results,score_file,stream_file,report_file
candidate_0000560,561,TwistCandidate_0561,REPORT,TOO_MANY_FAIL,5,2,3,3,2,0,31,46,secret_34_outputs_retry/workspace/candidate_0000560/scores_practrand_b_034BLK.txt,secret_34_outputs_retry/workspace/candidate_0000560/b_byte_stream_034BLK.bin,secret_34_outputs_retry/workspace/candidate_0000560/practrand_b_034BLK.txt
candidate_0000956,957,TwistCandidate_0957,REPORT,TOO_MANY_FAIL,4,6,1,2,2,0,31,46,secret_34_outputs_retry/workspace/candidate_0000956/scores_practrand_b_034BLK.txt,secret_34_outputs_retry/workspace/candidate_0000956/b_byte_stream_034BLK.bin,secret_34_outputs_retry/workspace/candidate_0000956/practrand_b_034BLK.txt
candidate_0001419,1420,TwistCandidate_1420,REPORT,TOO_MANY_FAIL,4,0,1,0,1,0,40,46,secret_34_outputs_retry/workspace/candidate_0001419/scores_practrand_b_034BLK.txt,secret_34_outputs_retry/workspace/candidate_0001419/b_byte_stream_034BLK.bin,secret_34_outputs_retry/workspace/candidate_0001419/practrand_b_034BLK.txt
candidate_0001720,1721,TwistCandidate_1721,REPORT,TOO_MANY_FAIL,3,0,0,1,2,0,40,46,secret_34_outputs_retry/workspace/candidate_0001720/scores_practrand_b_034BLK.txt,secret_34_outputs_retry/workspace/candidate_0001720/b_byte_stream_034BLK.bin,secret_34_outputs_retry/workspace/candidate_0001720/practrand_b_034BLK.txt
candidate_0002125,2126,TwistCandidate_2126,REPORT,TOO_MANY_FAIL,3,2,0,1,0,0,40,46,secret_34_outputs_retry/workspace/candidate_0002125/scores_practrand_b_034BLK.txt,secret_34_outputs_retry/workspace/candidate_0002125/b_byte_stream_034BLK.bin,secret_34_outputs_retry/workspace/candidate_0002125/practrand_b_034BLK.txt
candidate_0002266,2267,TwistCandidate_2267,REPORT,TOO_MANY_FAIL,4,0,4,2,0,0,36,46,secret_34_outputs_retry/workspace/candidate_0002266/scores_practrand_b_034BLK.txt,secret_34_outputs_retry/workspace/candidate_0002266/b_byte_stream_034BLK.bin,secret_34_outputs_retry/workspace/candidate_0002266/practrand_b_034BLK.txt
candidate_0002609,2610,TwistCandidate_2610,REPORT,TOO_MANY_FAIL,4,3,1,1,2,0,35,46,secret_34_outputs_retry/workspace/candidate_0002609/scores_practrand_b_034BLK.txt,secret_34_outputs_retry/workspace/candidate_0002609/b_byte_stream_034BLK.bin,secret_34_outputs_retry/workspace/candidate_0002609/practrand_b_034BLK.txt
candidate_0002744,2745,TwistCandidate_2745,REPORT,TOO_MANY_FAIL,3,1,0,0,0,0,42,46,secret_34_outputs_retry/workspace/candidate_0002744/scores_practrand_b_034BLK.txt,secret_34_outputs_retry/workspace/candidate_0002744/b_byte_stream_034BLK.bin,secret_34_outputs_retry/workspace/candidate_0002744/practrand_b_034BLK.txt
candidate_0002963,2964,TwistCandidate_2964,REPORT,TOO_MANY_FAIL,4,1,1,2,1,0,37,46,secret_34_outputs_retry/workspace/candidate_0002963/scores_practrand_b_034BLK.txt,secret_34_outputs_retry/workspace/candidate_0002963/b_byte_stream_034BLK.bin,secret_34_outputs_retry/workspace/candidate_0002963/practrand_b_034BLK.txt
candidate_0003005,3006,TwistCandidate_3006,REPORT,TOO_MANY_FAIL,4,0,1,1,1,0,39,46,secret_34_outputs_retry/workspace/candidate_0003005/scores_practrand_b_034BLK.txt,secret_34_outputs_retry/workspace/candidate_0003005/b_byte_stream_034BLK.bin,secret_34_outputs_retry/workspace/candidate_0003005/practrand_b_034BLK.txt
candidate_0003279,3280,TwistCandidate_3280,REPORT,PASS,0,0,0,2,1,0,43,46,secret_34_outputs_retry/workspace/candidate_0003279/scores_practrand_b_034BLK.txt,secret_34_outputs_retry/workspace/candidate_0003279/b_byte_stream_034BLK.bin,secret_34_outputs_retry/workspace/candidate_0003279/practrand_b_034BLK.txt
candidate_0004428,4429,TwistCandidate_4429,REPORT,TOO_MANY_FAIL,4,0,0,1,0,0,41,46,secret_34_outputs_retry/workspace/candidate_0004428/scores_practrand_b_034BLK.txt,secret_34_outputs_retry/workspace/candidate_0004428/b_byte_stream_034BLK.bin,secret_34_outputs_retry/workspace/candidate_0004428/practrand_b_034BLK.txt
candidate_0004430,4431,TwistCandidate_4431,REPORT,TOO_MANY_FAIL,4,0,2,0,1,0,39,46,secret_34_outputs_retry/workspace/candidate_0004430/scores_practrand_b_034BLK.txt,secret_34_outputs_retry/workspace/candidate_0004430/b_byte_stream_034BLK.bin,secret_34_outputs_retry/workspace/candidate_0004430/practrand_b_034BLK.txt
candidate_0004713,4714,TwistCandidate_4714,REPORT,TOO_MANY_FAIL,3,1,1,2,1,0,38,46,secret_34_outputs_retry/workspace/candidate_0004713/scores_practrand_b_034BLK.txt,secret_34_outputs_retry/workspace/candidate_0004713/b_byte_stream_034BLK.bin,secret_34_outputs_retry/workspace/candidate_0004713/practrand_b_034BLK.txt
candidate_0005182,5183,TwistCandidate_5183,REPORT,TOO_MANY_FAIL,5,3,0,2,1,0,35,46,secret_34_outputs_retry/workspace/candidate_0005182/scores_practrand_b_034BLK.txt,secret_34_outputs_retry/workspace/candidate_0005182/b_byte_stream_034BLK.bin,secret_34_outputs_retry/workspace/candidate_0005182/practrand_b_034BLK.txt
candidate_0006004,6005,TwistCandidate_6005,REPORT,TOO_MANY_FAIL,9,4,1,1,1,0,30,46,secret_34_outputs_retry/workspace/candidate_0006004/scores_practrand_b_034BLK.txt,secret_34_outputs_retry/workspace/candidate_0006004/b_byte_stream_034BLK.bin,secret_34_outputs_retry/workspace/candidate_0006004/practrand_b_034BLK.txt
candidate_0006726,6727,TwistCandidate_6727,REPORT,TOO_MANY_FAIL,2,2,0,0,0,0,42,46,secret_34_outputs_retry/workspace/candidate_0006726/scores_practrand_b_034BLK.txt,secret_34_outputs_retry/workspace/candidate_0006726/b_byte_stream_034BLK.bin,secret_34_outputs_retry/workspace/candidate_0006726/practrand_b_034BLK.txt
candidate_0007792,7793,TwistCandidate_7793,REPORT,TOO_MANY_FAIL,5,0,1,2,2,0,36,46,secret_34_outputs_retry/workspace/candidate_0007792/scores_practrand_b_034BLK.txt,secret_34_outputs_retry/workspace/candidate_0007792/b_byte_stream_034BLK.bin,secret_34_outputs_retry/workspace/candidate_0007792/practrand_b_034BLK.txt
candidate_0007901,7902,TwistCandidate_7902,REPORT,TOO_MANY_FAIL,2,2,0,0,1,0,41,46,secret_34_outputs_retry/workspace/candidate_0007901/scores_practrand_b_034BLK.txt,secret_34_outputs_retry/workspace/candidate_0007901/b_byte_stream_034BLK.bin,secret_34_outputs_retry/workspace/candidate_0007901/practrand_b_034BLK.txt
candidate_0008419,8420,TwistCandidate_8420,REPORT,TOO_MANY_FAIL,2,1,0,1,0,0,42,46,secret_34_outputs_retry/workspace/candidate_0008419/scores_practrand_b_034BLK.txt,secret_34_outputs_retry/workspace/candidate_0008419/b_byte_stream_034BLK.bin,secret_34_outputs_retry/workspace/candidate_0008419/practrand_b_034BLK.txt
candidate_0008580,8581,TwistCandidate_8581,REPORT,TOO_MANY_FAIL,4,1,0,1,1,0,39,46,secret_34_outputs_retry/workspace/candidate_0008580/scores_practrand_b_034BLK.txt,secret_34_outputs_retry/workspace/candidate_0008580/b_byte_stream_034BLK.bin,secret_34_outputs_retry/workspace/candidate_0008580/practrand_b_034BLK.txt
candidate_0009034,9035,TwistCandidate_9035,REPORT,TOO_MANY_FAIL,4,0,0,0,2,0,40,46,secret_34_outputs_retry/workspace/candidate_0009034/scores_practrand_b_034BLK.txt,secret_34_outputs_retry/workspace/candidate_0009034/b_byte_stream_034BLK.bin,secret_34_outputs_retry/workspace/candidate_0009034/practrand_b_034BLK.txt
candidate_0009451,9452,TwistCandidate_9452,REPORT,TOO_MANY_FAIL,4,1,0,2,0,0,39,46,secret_34_outputs_retry/workspace/candidate_0009451/scores_practrand_b_034BLK.txt,secret_34_outputs_retry/workspace/candidate_0009451/b_byte_stream_034BLK.bin,secret_34_outputs_retry/workspace/candidate_0009451/practrand_b_034BLK.txt
candidate_0009689,9690,TwistCandidate_9690,REPORT,TOO_MANY_FAIL,4,0,1,2,2,0,37,46,secret_34_outputs_retry/workspace/candidate_0009689/scores_practrand_b_034BLK.txt,secret_34_outputs_retry/workspace/candidate_0009689/b_byte_stream_034BLK.bin,secret_34_outputs_retry/workspace/candidate_0009689/practrand_b_034BLK.txt
candidate_0009790,9791,TwistCandidate_9791,REPORT,TOO_MANY_FAIL,3,0,1,0,0,0,42,46,secret_34_outputs_retry/workspace/candidate_0009790/scores_practrand_b_034BLK.txt,secret_34_outputs_retry/workspace/candidate_0009790/b_byte_stream_034BLK.bin,secret_34_outputs_retry/workspace/candidate_0009790/practrand_b_034BLK.txt
candidate_0010015,10016,TwistCandidate_10016,REPORT,TOO_MANY_FAIL,2,2,0,1,3,0,38,46,secret_34_outputs_retry/workspace/candidate_0010015/scores_practrand_b_034BLK.txt,secret_34_outputs_retry/workspace/candidate_0010015/b_byte_stream_034BLK.bin,secret_34_outputs_retry/workspace/candidate_0010015/practrand_b_034BLK.txt
candidate_0011043,11044,TwistCandidate_11044,REPORT,PASS,0,2,0,0,0,0,44,46,secret_34_outputs_retry/workspace/candidate_0011043/scores_practrand_b_034BLK.txt,secret_34_outputs_retry/workspace/candidate_0011043/b_byte_stream_034BLK.bin,secret_34_outputs_retry/workspace/candidate_0011043/practrand_b_034BLK.txt
candidate_0011252,11253,TwistCandidate_11253,REPORT,TOO_MANY_FAIL,4,0,2,1,1,0,38,46,secret_34_outputs_retry/workspace/candidate_0011252/scores_practrand_b_034BLK.txt,secret_34_outputs_retry/workspace/candidate_0011252/b_byte_stream_034BLK.bin,secret_34_outputs_retry/workspace/candidate_0011252/practrand_b_034BLK.txt
candidate_0011447,11448,TwistCandidate_11448,REPORT,TOO_MANY_FAIL,4,0,1,0,0,0,41,46,secret_34_outputs_retry/workspace/candidate_0011447/scores_practrand_b_034BLK.txt,secret_34_outputs_retry/workspace/candidate_0011447/b_byte_stream_034BLK.bin,secret_34_outputs_retry/workspace/candidate_0011447/practrand_b_034BLK.txt
candidate_0011706,11707,TwistCandidate_11707,REPORT,TOO_MANY_FAIL,5,2,1,1,3,0,34,46,secret_34_outputs_retry/workspace/candidate_0011706/scores_practrand_b_034BLK.txt,secret_34_outputs_retry/workspace/candidate_0011706/b_byte_stream_034BLK.bin,secret_34_outputs_retry/workspace/candidate_0011706/practrand_b_034BLK.txt
candidate_0011721,11722,TwistCandidate_11722,REPORT,NO_REPORT,0,0,0,0,0,0,0,0,secret_34_outputs_retry/workspace/candidate_0011721/scores_practrand_b_034BLK.txt,secret_34_outputs_retry/workspace/candidate_0011721/b_byte_stream_034BLK.bin,secret_34_outputs_retry/workspace/candidate_0011721/practrand_b_034BLK.txt
candidate_0011749,11750,TwistCandidate_11750,REPORT,TOO_MANY_FAIL,4,1,1,1,0,0,39,46,secret_34_outputs_retry/workspace/candidate_0011749/scores_practrand_b_034BLK.txt,secret_34_outputs_retry/workspace/candidate_0011749/b_byte_stream_034BLK.bin,secret_34_outputs_retry/workspace/candidate_0011749/practrand_b_034BLK.txt
candidate_0011811,11812,TwistCandidate_11812,REPORT,TOO_MANY_FAIL,3,1,0,1,2,0,39,46,secret_34_outputs_retry/workspace/candidate_0011811/scores_practrand_b_034BLK.txt,secret_34_outputs_retry/workspace/candidate_0011811/b_byte_stream_034BLK.bin,secret_34_outputs_retry/workspace/candidate_0011811/practrand_b_034BLK.txt
candidate_0011855,11856,TwistCandidate_11856,REPORT,PASS,0,1,0,3,0,0,42,46,secret_34_outputs_retry/workspace/candidate_0011855/scores_practrand_b_034BLK.txt,secret_34_outputs_retry/workspace/candidate_0011855/b_byte_stream_034BLK.bin,secret_34_outputs_retry/workspace/candidate_0011855/practrand_b_034BLK.txt
candidate_0011885,11886,TwistCandidate_11886,REPORT,TOO_MANY_FAIL,3,1,0,0,0,0,42,46,secret_34_outputs_retry/workspace/candidate_0011885/scores_practrand_b_034BLK.txt,secret_34_outputs_retry/workspace/candidate_0011885/b_byte_stream_034BLK.bin,secret_34_outputs_retry/workspace/candidate_0011885/practrand_b_034BLK.txt
candidate_0012004,12005,TwistCandidate_12005,REPORT,TOO_MANY_FAIL,1,2,0,0,2,0,41,46,secret_34_outputs_retry/workspace/candidate_0012004/scores_practrand_b_034BLK.txt,secret_34_outputs_retry/workspace/candidate_0012004/b_byte_stream_034BLK.bin,secret_34_outputs_retry/workspace/candidate_0012004/practrand_b_034BLK.txt
candidate_0012288,12289,TwistCandidate_12289,REPORT,TOO_MANY_FAIL,4,0,2,0,1,0,39,46,secret_34_outputs_retry/workspace/candidate_0012288/scores_practrand_b_034BLK.txt,secret_34_outputs_retry/workspace/candidate_0012288/b_byte_stream_034BLK.bin,secret_34_outputs_retry/workspace/candidate_0012288/practrand_b_034BLK.txt
candidate_0012556,12557,TwistCandidate_12557,REPORT,TOO_MANY_FAIL,5,2,1,1,1,0,36,46,secret_34_outputs_retry/workspace/candidate_0012556/scores_practrand_b_034BLK.txt,secret_34_outputs_retry/workspace/candidate_0012556/b_byte_stream_034BLK.bin,secret_34_outputs_retry/workspace/candidate_0012556/practrand_b_034BLK.txt
candidate_0012562,12563,TwistCandidate_12563,REPORT,TOO_MANY_FAIL,5,5,1,2,0,0,33,46,secret_34_outputs_retry/workspace/candidate_0012562/scores_practrand_b_034BLK.txt,secret_34_outputs_retry/workspace/candidate_0012562/b_byte_stream_034BLK.bin,secret_34_outputs_retry/workspace/candidate_0012562/practrand_b_034BLK.txt
candidate_0013132,13133,TwistCandidate_13133,REPORT,TOO_MANY_FAIL,4,0,0,1,0,0,41,46,secret_34_outputs_retry/workspace/candidate_0013132/scores_practrand_b_034BLK.txt,secret_34_outputs_retry/workspace/candidate_0013132/b_byte_stream_034BLK.bin,secret_34_outputs_retry/workspace/candidate_0013132/practrand_b_034BLK.txt
candidate_0013325,13326,TwistCandidate_13326,REPORT,TOO_MANY_FAIL,4,1,0,1,1,0,39,46,secret_34_outputs_retry/workspace/candidate_0013325/scores_practrand_b_034BLK.txt,secret_34_outputs_retry/workspace/candidate_0013325/b_byte_stream_034BLK.bin,secret_34_outputs_retry/workspace/candidate_0013325/practrand_b_034BLK.txt
candidate_0013435,13436,TwistCandidate_13436,REPORT,TOO_MANY_FAIL,4,0,2,0,0,0,40,46,secret_34_outputs_retry/workspace/candidate_0013435/scores_practrand_b_034BLK.txt,secret_34_outputs_retry/workspace/candidate_0013435/b_byte_stream_034BLK.bin,secret_34_outputs_retry/workspace/candidate_0013435/practrand_b_034BLK.txt
candidate_0014052,14053,TwistCandidate_14053,REPORT,TOO_MANY_FAIL,4,9,1,0,1,0,31,46,secret_34_outputs_retry/workspace/candidate_0014052/scores_practrand_b_034BLK.txt,secret_34_outputs_retry/workspace/candidate_0014052/b_byte_stream_034BLK.bin,secret_34_outputs_retry/workspace/candidate_0014052/practrand_b_034BLK.txt
candidate_0014264,14265,TwistCandidate_14265,REPORT,TOO_MANY_SUSPICIOUS,0,0,1,0,2,0,43,46,secret_34_outputs_retry/workspace/candidate_0014264/scores_practrand_b_034BLK.txt,secret_34_outputs_retry/workspace/candidate_0014264/b_byte_stream_034BLK.bin,secret_34_outputs_retry/workspace/candidate_0014264/practrand_b_034BLK.txt
candidate_0014369,14370,TwistCandidate_14370,REPORT,TOO_MANY_FAIL,4,1,3,0,3,0,35,46,secret_34_outputs_retry/workspace/candidate_0014369/scores_practrand_b_034BLK.txt,secret_34_outputs_retry/workspace/candidate_0014369/b_byte_stream_034BLK.bin,secret_34_outputs_retry/workspace/candidate_0014369/practrand_b_034BLK.txt
candidate_0014380,14381,TwistCandidate_14381,REPORT,TOO_MANY_FAIL,4,0,1,2,1,0,38,46,secret_34_outputs_retry/workspace/candidate_0014380/scores_practrand_b_034BLK.txt,secret_34_outputs_retry/workspace/candidate_0014380/b_byte_stream_034BLK.bin,secret_34_outputs_retry/workspace/candidate_0014380/practrand_b_034BLK.txt
candidate_0014723,14724,TwistCandidate_14724,REPORT,TOO_MANY_FAIL,4,1,1,4,0,0,36,46,secret_34_outputs_retry/workspace/candidate_0014723/scores_practrand_b_034BLK.txt,secret_34_outputs_retry/workspace/candidate_0014723/b_byte_stream_034BLK.bin,secret_34_outputs_retry/workspace/candidate_0014723/practrand_b_034BLK.txt
candidate_0014804,14805,TwistCandidate_14805,REPORT,TOO_MANY_FAIL,4,0,0,0,1,0,41,46,secret_34_outputs_retry/workspace/candidate_0014804/scores_practrand_b_034BLK.txt,secret_34_outputs_retry/workspace/candidate_0014804/b_byte_stream_034BLK.bin,secret_34_outputs_retry/workspace/candidate_0014804/practrand_b_034BLK.txt
candidate_0014821,14822,TwistCandidate_14822,REPORT,TOO_MANY_FAIL,3,3,0,0,3,0,37,46,secret_34_outputs_retry/workspace/candidate_0014821/scores_practrand_b_034BLK.txt,secret_34_outputs_retry/workspace/candidate_0014821/b_byte_stream_034BLK.bin,secret_34_outputs_retry/workspace/candidate_0014821/practrand_b_034BLK.txt
candidate_0015035,15036,TwistCandidate_15036,REPORT,TOO_MANY_FAIL,4,1,1,0,4,0,36,46,secret_34_outputs_retry/workspace/candidate_0015035/scores_practrand_b_034BLK.txt,secret_34_outputs_retry/workspace/candidate_0015035/b_byte_stream_034BLK.bin,secret_34_outputs_retry/workspace/candidate_0015035/practrand_b_034BLK.txt
candidate_0015232,15233,TwistCandidate_15233,REPORT,TOO_MANY_FAIL,1,3,0,0,0,0,42,46,secret_34_outputs_retry/workspace/candidate_0015232/scores_practrand_b_034BLK.txt,secret_34_outputs_retry/workspace/candidate_0015232/b_byte_stream_034BLK.bin,secret_34_outputs_retry/workspace/candidate_0015232/practrand_b_034BLK.txt
candidate_0015300,15301,TwistCandidate_15301,REPORT,TOO_MANY_FAIL,4,1,0,0,1,0,40,46,secret_34_outputs_retry/workspace/candidate_0015300/scores_practrand_b_034BLK.txt,secret_34_outputs_retry/workspace/candidate_0015300/b_byte_stream_034BLK.bin,secret_34_outputs_retry/workspace/candidate_0015300/practrand_b_034BLK.txt
candidate_0015373,15374,TwistCandidate_15374,REPORT,TOO_MANY_FAIL,3,1,0,0,1,0,41,46,secret_34_outputs_retry/workspace/candidate_0015373/scores_practrand_b_034BLK.txt,secret_34_outputs_retry/workspace/candidate_0015373/b_byte_stream_034BLK.bin,secret_34_outputs_retry/workspace/candidate_0015373/practrand_b_034BLK.txt
candidate_0015376,15377,TwistCandidate_15377,REPORT,PASS,0,1,0,1,1,0,43,46,secret_34_outputs_retry/workspace/candidate_0015376/scores_practrand_b_034BLK.txt,secret_34_outputs_retry/workspace/candidate_0015376/b_byte_stream_034BLK.bin,secret_34_outputs_retry/workspace/candidate_0015376/practrand_b_034BLK.txt
candidate_0015681,15682,TwistCandidate_15682,REPORT,PASS,0,4,0,0,0,0,42,46,secret_34_outputs_retry/workspace/candidate_0015681/scores_practrand_b_034BLK.txt,secret_34_outputs_retry/workspace/candidate_0015681/b_byte_stream_034BLK.bin,secret_34_outputs_retry/workspace/candidate_0015681/practrand_b_034BLK.txt
candidate_0017248,17249,TwistCandidate_17249,REPORT,TOO_MANY_FAIL,4,1,1,1,2,0,37,46,secret_34_outputs_retry/workspace/candidate_0017248/scores_practrand_b_034BLK.txt,secret_34_outputs_retry/workspace/candidate_0017248/b_byte_stream_034BLK.bin,secret_34_outputs_retry/workspace/candidate_0017248/practrand_b_034BLK.txt
candidate_0018484,18485,TwistCandidate_18485,REPORT,TOO_MANY_FAIL,3,2,0,1,3,0,37,46,secret_34_outputs_retry/workspace/candidate_0018484/scores_practrand_b_034BLK.txt,secret_34_outputs_retry/workspace/candidate_0018484/b_byte_stream_034BLK.bin,secret_34_outputs_retry/workspace/candidate_0018484/practrand_b_034BLK.txt
candidate_0018512,18513,TwistCandidate_18513,REPORT,TOO_MANY_FAIL,4,0,0,1,1,0,40,46,secret_34_outputs_retry/workspace/candidate_0018512/scores_practrand_b_034BLK.txt,secret_34_outputs_retry/workspace/candidate_0018512/b_byte_stream_034BLK.bin,secret_34_outputs_retry/workspace/candidate_0018512/practrand_b_034BLK.txt
candidate_0018891,18892,TwistCandidate_18892,REPORT,TOO_MANY_FAIL,1,3,0,0,0,0,42,46,secret_34_outputs_retry/workspace/candidate_0018891/scores_practrand_b_034BLK.txt,secret_34_outputs_retry/workspace/candidate_0018891/b_byte_stream_034BLK.bin,secret_34_outputs_retry/workspace/candidate_0018891/practrand_b_034BLK.txt
candidate_0018992,18993,TwistCandidate_18993,REPORT,TOO_MANY_FAIL,4,2,3,0,3,0,34,46,secret_34_outputs_retry/workspace/candidate_0018992/scores_practrand_b_034BLK.txt,secret_34_outputs_retry/workspace/candidate_0018992/b_byte_stream_034BLK.bin,secret_34_outputs_retry/workspace/candidate_0018992/practrand_b_034BLK.txt
candidate_0019155,19156,TwistCandidate_19156,REPORT,TOO_MANY_FAIL,4,0,1,0,2,0,39,46,secret_34_outputs_retry/workspace/candidate_0019155/scores_practrand_b_034BLK.txt,secret_34_outputs_retry/workspace/candidate_0019155/b_byte_stream_034BLK.bin,secret_34_outputs_retry/workspace/candidate_0019155/practrand_b_034BLK.txt
candidate_0019331,19332,TwistCandidate_19332,REPORT,TOO_MANY_FAIL,3,1,0,1,2,0,39,46,secret_34_outputs_retry/workspace/candidate_0019331/scores_practrand_b_034BLK.txt,secret_34_outputs_retry/workspace/candidate_0019331/b_byte_stream_034BLK.bin,secret_34_outputs_retry/workspace/candidate_0019331/practrand_b_034BLK.txt
candidate_0019469,19470,TwistCandidate_19470,REPORT,TOO_MANY_FAIL,4,0,0,0,2,0,40,46,secret_34_outputs_retry/workspace/candidate_0019469/scores_practrand_b_034BLK.txt,secret_34_outputs_retry/workspace/candidate_0019469/b_byte_stream_034BLK.bin,secret_34_outputs_retry/workspace/candidate_0019469/practrand_b_034BLK.txt
candidate_0020456,20457,TwistCandidate_20457,REPORT,TOO_MANY_FAIL,4,0,0,1,1,0,40,46,secret_34_outputs_retry/workspace/candidate_0020456/scores_practrand_b_034BLK.txt,secret_34_outputs_retry/workspace/candidate_0020456/b_byte_stream_034BLK.bin,secret_34_outputs_retry/workspace/candidate_0020456/practrand_b_034BLK.txt
candidate_0020500,20501,TwistCandidate_20501,REPORT,TOO_MANY_FAIL,4,0,0,0,1,0,41,46,secret_34_outputs_retry/workspace/candidate_0020500/scores_practrand_b_034BLK.txt,secret_34_outputs_retry/workspace/candidate_0020500/b_byte_stream_034BLK.bin,secret_34_outputs_retry/workspace/candidate_0020500/practrand_b_034BLK.txt
candidate_0020829,20830,TwistCandidate_20830,REPORT,TOO_MANY_FAIL,4,5,2,2,2,0,31,46,secret_34_outputs_retry/workspace/candidate_0020829/scores_practrand_b_034BLK.txt,secret_34_outputs_retry/workspace/candidate_0020829/b_byte_stream_034BLK.bin,secret_34_outputs_retry/workspace/candidate_0020829/practrand_b_034BLK.txt
candidate_0021062,21063,TwistCandidate_21063,REPORT,TOO_MANY_FAIL,4,1,0,0,0,0,41,46,secret_34_outputs_retry/workspace/candidate_0021062/scores_practrand_b_034BLK.txt,secret_34_outputs_retry/workspace/candidate_0021062/b_byte_stream_034BLK.bin,secret_34_outputs_retry/workspace/candidate_0021062/practrand_b_034BLK.txt
candidate_0021092,21093,TwistCandidate_21093,REPORT,TOO_MANY_FAIL,2,1,0,0,1,0,42,46,secret_34_outputs_retry/workspace/candidate_0021092/scores_practrand_b_034BLK.txt,secret_34_outputs_retry/workspace/candidate_0021092/b_byte_stream_034BLK.bin,secret_34_outputs_retry/workspace/candidate_0021092/practrand_b_034BLK.txt
candidate_0021755,21756,TwistCandidate_21756,REPORT,TOO_MANY_FAIL,4,0,0,1,0,0,41,46,secret_34_outputs_retry/workspace/candidate_0021755/scores_practrand_b_034BLK.txt,secret_34_outputs_retry/workspace/candidate_0021755/b_byte_stream_034BLK.bin,secret_34_outputs_retry/workspace/candidate_0021755/practrand_b_034BLK.txt
candidate_0021787,21788,TwistCandidate_21788,REPORT,TOO_MANY_FAIL,2,2,0,0,1,0,41,46,secret_34_outputs_retry/workspace/candidate_0021787/scores_practrand_b_034BLK.txt,secret_34_outputs_retry/workspace/candidate_0021787/b_byte_stream_034BLK.bin,secret_34_outputs_retry/workspace/candidate_0021787/practrand_b_034BLK.txt
candidate_0022141,22142,TwistCandidate_22142,REPORT,TOO_MANY_SUSPICIOUS,0,2,1,1,0,0,42,46,secret_34_outputs_retry/workspace/candidate_0022141/scores_practrand_b_034BLK.txt,secret_34_outputs_retry/workspace/candidate_0022141/b_byte_stream_034BLK.bin,secret_34_outputs_retry/workspace/candidate_0022141/practrand_b_034BLK.txt
candidate_0022159,22160,TwistCandidate_22160,REPORT,PASS,0,0,0,2,1,0,43,46,secret_34_outputs_retry/workspace/candidate_0022159/scores_practrand_b_034BLK.txt,secret_34_outputs_retry/workspace/candidate_0022159/b_byte_stream_034BLK.bin,secret_34_outputs_retry/workspace/candidate_0022159/practrand_b_034BLK.txt
candidate_0022232,22233,TwistCandidate_22233,REPORT,TOO_MANY_FAIL,3,1,0,0,2,0,40,46,secret_34_outputs_retry/workspace/candidate_0022232/scores_practrand_b_034BLK.txt,secret_34_outputs_retry/workspace/candidate_0022232/b_byte_stream_034BLK.bin,secret_34_outputs_retry/workspace/candidate_0022232/practrand_b_034BLK.txt
candidate_0022308,22309,TwistCandidate_22309,REPORT,TOO_MANY_FAIL,4,0,0,1,1,0,40,46,secret_34_outputs_retry/workspace/candidate_0022308/scores_practrand_b_034BLK.txt,secret_34_outputs_retry/workspace/candidate_0022308/b_byte_stream_034BLK.bin,secret_34_outputs_retry/workspace/candidate_0022308/practrand_b_034BLK.txt
candidate_0022361,22362,TwistCandidate_22362,REPORT,TOO_MANY_FAIL,4,0,0,1,1,0,40,46,secret_34_outputs_retry/workspace/candidate_0022361/scores_practrand_b_034BLK.txt,secret_34_outputs_retry/workspace/candidate_0022361/b_byte_stream_034BLK.bin,secret_34_outputs_retry/workspace/candidate_0022361/practrand_b_034BLK.txt
candidate_0022625,22626,TwistCandidate_22626,REPORT,TOO_MANY_FAIL,4,1,2,0,2,0,37,46,secret_34_outputs_retry/workspace/candidate_0022625/scores_practrand_b_034BLK.txt,secret_34_outputs_retry/workspace/candidate_0022625/b_byte_stream_034BLK.bin,secret_34_outputs_retry/workspace/candidate_0022625/practrand_b_034BLK.txt
candidate_0022754,22755,TwistCandidate_22755,REPORT,TOO_MANY_FAIL,4,0,0,1,0,0,41,46,secret_34_outputs_retry/workspace/candidate_0022754/scores_practrand_b_034BLK.txt,secret_34_outputs_retry/workspace/candidate_0022754/b_byte_stream_034BLK.bin,secret_34_outputs_retry/workspace/candidate_0022754/practrand_b_034BLK.txt
candidate_0022808,22809,TwistCandidate_22809,REPORT,TOO_MANY_FAIL,2,2,0,0,0,0,42,46,secret_34_outputs_retry/workspace/candidate_0022808/scores_practrand_b_034BLK.txt,secret_34_outputs_retry/workspace/candidate_0022808/b_byte_stream_034BLK.bin,secret_34_outputs_retry/workspace/candidate_0022808/practrand_b_034BLK.txt
candidate_0023332,23333,TwistCandidate_23333,REPORT,TOO_MANY_FAIL,3,1,0,0,1,0,41,46,secret_34_outputs_retry/workspace/candidate_0023332/scores_practrand_b_034BLK.txt,secret_34_outputs_retry/workspace/candidate_0023332/b_byte_stream_034BLK.bin,secret_34_outputs_retry/workspace/candidate_0023332/practrand_b_034BLK.txt
candidate_0023450,23451,TwistCandidate_23451,REPORT,TOO_MANY_FAIL,4,1,0,1,1,0,39,46,secret_34_outputs_retry/workspace/candidate_0023450/scores_practrand_b_034BLK.txt,secret_34_outputs_retry/workspace/candidate_0023450/b_byte_stream_034BLK.bin,secret_34_outputs_retry/workspace/candidate_0023450/practrand_b_034BLK.txt
candidate_0023691,23692,TwistCandidate_23692,REPORT,TOO_MANY_FAIL,3,1,0,0,2,0,40,46,secret_34_outputs_retry/workspace/candidate_0023691/scores_practrand_b_034BLK.txt,secret_34_outputs_retry/workspace/candidate_0023691/b_byte_stream_034BLK.bin,secret_34_outputs_retry/workspace/candidate_0023691/practrand_b_034BLK.txt
candidate_0024158,24159,TwistCandidate_24159,REPORT,TOO_MANY_SUSPICIOUS,0,0,1,2,0,0,43,46,secret_34_outputs_retry/workspace/candidate_0024158/scores_practrand_b_034BLK.txt,secret_34_outputs_retry/workspace/candidate_0024158/b_byte_stream_034BLK.bin,secret_34_outputs_retry/workspace/candidate_0024158/practrand_b_034BLK.txt
candidate_0024560,24561,TwistCandidate_24561,REPORT,TOO_MANY_FAIL,2,1,1,0,0,0,42,46,secret_34_outputs_retry/workspace/candidate_0024560/scores_practrand_b_034BLK.txt,secret_34_outputs_retry/workspace/candidate_0024560/b_byte_stream_034BLK.bin,secret_34_outputs_retry/workspace/candidate_0024560/practrand_b_034BLK.txt
candidate_0024768,24769,TwistCandidate_24769,REPORT,TOO_MANY_FAIL,3,1,0,1,1,0,40,46,secret_34_outputs_retry/workspace/candidate_0024768/scores_practrand_b_034BLK.txt,secret_34_outputs_retry/workspace/candidate_0024768/b_byte_stream_034BLK.bin,secret_34_outputs_retry/workspace/candidate_0024768/practrand_b_034BLK.txt
candidate_0024780,24781,TwistCandidate_24781,REPORT,TOO_MANY_FAIL,4,1,1,0,1,0,39,46,secret_34_outputs_retry/workspace/candidate_0024780/scores_practrand_b_034BLK.txt,secret_34_outputs_retry/workspace/candidate_0024780/b_byte_stream_034BLK.bin,secret_34_outputs_retry/workspace/candidate_0024780/practrand_b_034BLK.txt
candidate_0024885,24886,TwistCandidate_24886,REPORT,TOO_MANY_FAIL,4,5,4,1,1,0,31,46,secret_34_outputs_retry/workspace/candidate_0024885/scores_practrand_b_034BLK.txt,secret_34_outputs_retry/workspace/candidate_0024885/b_byte_stream_034BLK.bin,secret_34_outputs_retry/workspace/candidate_0024885/practrand_b_034BLK.txt
candidate_0024905,24906,TwistCandidate_24906,REPORT,TOO_MANY_FAIL,4,1,3,2,2,0,34,46,secret_34_outputs_retry/workspace/candidate_0024905/scores_practrand_b_034BLK.txt,secret_34_outputs_retry/workspace/candidate_0024905/b_byte_stream_034BLK.bin,secret_34_outputs_retry/workspace/candidate_0024905/practrand_b_034BLK.txt
candidate_0025104,25105,TwistCandidate_25105,REPORT,TOO_MANY_FAIL,3,0,1,0,0,0,42,46,secret_34_outputs_retry/workspace/candidate_0025104/scores_practrand_b_034BLK.txt,secret_34_outputs_retry/workspace/candidate_0025104/b_byte_stream_034BLK.bin,secret_34_outputs_retry/workspace/candidate_0025104/practrand_b_034BLK.txt
candidate_0025891,25892,TwistCandidate_25892,REPORT,PASS,0,2,0,0,0,0,44,46,secret_34_outputs_retry/workspace/candidate_0025891/scores_practrand_b_034BLK.txt,secret_34_outputs_retry/workspace/candidate_0025891/b_byte_stream_034BLK.bin,secret_34_outputs_retry/workspace/candidate_0025891/practrand_b_034BLK.txt
candidate_0025972,25973,TwistCandidate_25973,REPORT,TOO_MANY_FAIL,4,0,0,0,1,0,41,46,secret_34_outputs_retry/workspace/candidate_0025972/scores_practrand_b_034BLK.txt,secret_34_outputs_retry/workspace/candidate_0025972/b_byte_stream_034BLK.bin,secret_34_outputs_retry/workspace/candidate_0025972/practrand_b_034BLK.txt
candidate_0026069,26070,TwistCandidate_26070,REPORT,TOO_MANY_FAIL,4,1,0,3,2,0,36,46,secret_34_outputs_retry/workspace/candidate_0026069/scores_practrand_b_034BLK.txt,secret_34_outputs_retry/workspace/candidate_0026069/b_byte_stream_034BLK.bin,secret_34_outputs_retry/workspace/candidate_0026069/practrand_b_034BLK.txt
candidate_0026106,26107,TwistCandidate_26107,REPORT,TOO_MANY_FAIL,4,3,3,1,2,0,33,46,secret_34_outputs_retry/workspace/candidate_0026106/scores_practrand_b_034BLK.txt,secret_34_outputs_retry/workspace/candidate_0026106/b_byte_stream_034BLK.bin,secret_34_outputs_retry/workspace/candidate_0026106/practrand_b_034BLK.txt
candidate_0026466,26467,TwistCandidate_26467,REPORT,TOO_MANY_FAIL,2,1,0,0,0,0,43,46,secret_34_outputs_retry/workspace/candidate_0026466/scores_practrand_b_034BLK.txt,secret_34_outputs_retry/workspace/candidate_0026466/b_byte_stream_034BLK.bin,secret_34_outputs_retry/workspace/candidate_0026466/practrand_b_034BLK.txt
candidate_0026596,26597,TwistCandidate_26597,REPORT,TOO_MANY_FAIL,4,0,1,3,2,0,36,46,secret_34_outputs_retry/workspace/candidate_0026596/scores_practrand_b_034BLK.txt,secret_34_outputs_retry/workspace/candidate_0026596/b_byte_stream_034BLK.bin,secret_34_outputs_retry/workspace/candidate_0026596/practrand_b_034BLK.txt
candidate_0026784,26785,TwistCandidate_26785,REPORT,TOO_MANY_FAIL,4,0,1,2,2,0,37,46,secret_34_outputs_retry/workspace/candidate_0026784/scores_practrand_b_034BLK.txt,secret_34_outputs_retry/workspace/candidate_0026784/b_byte_stream_034BLK.bin,secret_34_outputs_retry/workspace/candidate_0026784/practrand_b_034BLK.txt
candidate_0026900,26901,TwistCandidate_26901,REPORT,TOO_MANY_FAIL,4,3,2,3,1,0,33,46,secret_34_outputs_retry/workspace/candidate_0026900/scores_practrand_b_034BLK.txt,secret_34_outputs_retry/workspace/candidate_0026900/b_byte_stream_034BLK.bin,secret_34_outputs_retry/workspace/candidate_0026900/practrand_b_034BLK.txt
candidate_0026946,26947,TwistCandidate_26947,REPORT,TOO_MANY_FAIL,3,1,0,0,2,0,40,46,secret_34_outputs_retry/workspace/candidate_0026946/scores_practrand_b_034BLK.txt,secret_34_outputs_retry/workspace/candidate_0026946/b_byte_stream_034BLK.bin,secret_34_outputs_retry/workspace/candidate_0026946/practrand_b_034BLK.txt
candidate_0027162,27163,TwistCandidate_27163,REPORT,TOO_MANY_FAIL,4,0,0,0,1,0,41,46,secret_34_outputs_retry/workspace/candidate_0027162/scores_practrand_b_034BLK.txt,secret_34_outputs_retry/workspace/candidate_0027162/b_byte_stream_034BLK.bin,secret_34_outputs_retry/workspace/candidate_0027162/practrand_b_034BLK.txt
candidate_0028330,28331,TwistCandidate_28331,REPORT,TOO_MANY_FAIL,4,2,3,1,1,0,35,46,secret_34_outputs_retry/workspace/candidate_0028330/scores_practrand_b_034BLK.txt,secret_34_outputs_retry/workspace/candidate_0028330/b_byte_stream_034BLK.bin,secret_34_outputs_retry/workspace/candidate_0028330/practrand_b_034BLK.txt
candidate_0028376,28377,TwistCandidate_28377,REPORT,TOO_MANY_FAIL,4,2,1,2,1,0,36,46,secret_34_outputs_retry/workspace/candidate_0028376/scores_practrand_b_034BLK.txt,secret_34_outputs_retry/workspace/candidate_0028376/b_byte_stream_034BLK.bin,secret_34_outputs_retry/workspace/candidate_0028376/practrand_b_034BLK.txt
candidate_0029520,29521,TwistCandidate_29521,REPORT,TOO_MANY_FAIL,3,1,0,0,2,0,40,46,secret_34_outputs_retry/workspace/candidate_0029520/scores_practrand_b_034BLK.txt,secret_34_outputs_retry/workspace/candidate_0029520/b_byte_stream_034BLK.bin,secret_34_outputs_retry/workspace/candidate_0029520/practrand_b_034BLK.txt
candidate_0029627,29628,TwistCandidate_29628,REPORT,TOO_MANY_FAIL,3,1,0,0,1,0,41,46,secret_34_outputs_retry/workspace/candidate_0029627/scores_practrand_b_034BLK.txt,secret_34_outputs_retry/workspace/candidate_0029627/b_byte_stream_034BLK.bin,secret_34_outputs_retry/workspace/candidate_0029627/practrand_b_034BLK.txt
candidate_0030213,30214,TwistCandidate_30214,REPORT,TOO_MANY_FAIL,4,0,0,1,0,0,41,46,secret_34_outputs_retry/workspace/candidate_0030213/scores_practrand_b_034BLK.txt,secret_34_outputs_retry/workspace/candidate_0030213/b_byte_stream_034BLK.bin,secret_34_outputs_retry/workspace/candidate_0030213/practrand_b_034BLK.txt
candidate_0030389,30390,TwistCandidate_30390,REPORT,TOO_MANY_FAIL,1,2,1,0,0,0,42,46,secret_34_outputs_retry/workspace/candidate_0030389/scores_practrand_b_034BLK.txt,secret_34_outputs_retry/workspace/candidate_0030389/b_byte_stream_034BLK.bin,secret_34_outputs_retry/workspace/candidate_0030389/practrand_b_034BLK.txt
candidate_0030432,30433,TwistCandidate_30433,REPORT,TOO_MANY_FAIL,4,4,4,3,1,0,30,46,secret_34_outputs_retry/workspace/candidate_0030432/scores_practrand_b_034BLK.txt,secret_34_outputs_retry/workspace/candidate_0030432/b_byte_stream_034BLK.bin,secret_34_outputs_retry/workspace/candidate_0030432/practrand_b_034BLK.txt
candidate_0030548,30549,TwistCandidate_30549,REPORT,TOO_MANY_FAIL,4,1,1,0,1,0,39,46,secret_34_outputs_retry/workspace/candidate_0030548/scores_practrand_b_034BLK.txt,secret_34_outputs_retry/workspace/candidate_0030548/b_byte_stream_034BLK.bin,secret_34_outputs_retry/workspace/candidate_0030548/practrand_b_034BLK.txt
candidate_0031055,31056,TwistCandidate_31056,REPORT,TOO_MANY_SUSPICIOUS,0,2,1,1,1,0,41,46,secret_34_outputs_retry/workspace/candidate_0031055/scores_practrand_b_034BLK.txt,secret_34_outputs_retry/workspace/candidate_0031055/b_byte_stream_034BLK.bin,secret_34_outputs_retry/workspace/candidate_0031055/practrand_b_034BLK.txt
candidate_0031116,31117,TwistCandidate_31117,REPORT,TOO_MANY_FAIL,4,0,0,2,1,0,39,46,secret_34_outputs_retry/workspace/candidate_0031116/scores_practrand_b_034BLK.txt,secret_34_outputs_retry/workspace/candidate_0031116/b_byte_stream_034BLK.bin,secret_34_outputs_retry/workspace/candidate_0031116/practrand_b_034BLK.txt
candidate_0032082,32083,TwistCandidate_32083,REPORT,TOO_MANY_FAIL,5,5,2,1,0,0,33,46,secret_34_outputs_retry/workspace/candidate_0032082/scores_practrand_b_034BLK.txt,secret_34_outputs_retry/workspace/candidate_0032082/b_byte_stream_034BLK.bin,secret_34_outputs_retry/workspace/candidate_0032082/practrand_b_034BLK.txt
candidate_0032130,32131,TwistCandidate_32131,REPORT,TOO_MANY_FAIL,4,2,0,2,4,0,34,46,secret_34_outputs_retry/workspace/candidate_0032130/scores_practrand_b_034BLK.txt,secret_34_outputs_retry/workspace/candidate_0032130/b_byte_stream_034BLK.bin,secret_34_outputs_retry/workspace/candidate_0032130/practrand_b_034BLK.txt
candidate_0032595,32596,TwistCandidate_32596,REPORT,TOO_MANY_FAIL,3,1,0,0,0,0,42,46,secret_34_outputs_retry/workspace/candidate_0032595/scores_practrand_b_034BLK.txt,secret_34_outputs_retry/workspace/candidate_0032595/b_byte_stream_034BLK.bin,secret_34_outputs_retry/workspace/candidate_0032595/practrand_b_034BLK.txt
candidate_0032790,32791,TwistCandidate_32791,REPORT,TOO_MANY_FAIL,4,1,0,2,1,0,38,46,secret_34_outputs_retry/workspace/candidate_0032790/scores_practrand_b_034BLK.txt,secret_34_outputs_retry/workspace/candidate_0032790/b_byte_stream_034BLK.bin,secret_34_outputs_retry/workspace/candidate_0032790/practrand_b_034BLK.txt
candidate_0033493,33494,TwistCandidate_33494,REPORT,TOO_MANY_FAIL,4,0,0,0,1,0,41,46,secret_34_outputs_retry/workspace/candidate_0033493/scores_practrand_b_034BLK.txt,secret_34_outputs_retry/workspace/candidate_0033493/b_byte_stream_034BLK.bin,secret_34_outputs_retry/workspace/candidate_0033493/practrand_b_034BLK.txt
candidate_0034248,34249,TwistCandidate_34249,REPORT,TOO_MANY_FAIL,3,1,1,0,2,0,39,46,secret_34_outputs_retry/workspace/candidate_0034248/scores_practrand_b_034BLK.txt,secret_34_outputs_retry/workspace/candidate_0034248/b_byte_stream_034BLK.bin,secret_34_outputs_retry/workspace/candidate_0034248/practrand_b_034BLK.txt
candidate_0034340,34341,TwistCandidate_34341,REPORT,TOO_MANY_FAIL,4,1,0,3,2,0,36,46,secret_34_outputs_retry/workspace/candidate_0034340/scores_practrand_b_034BLK.txt,secret_34_outputs_retry/workspace/candidate_0034340/b_byte_stream_034BLK.bin,secret_34_outputs_retry/workspace/candidate_0034340/practrand_b_034BLK.txt
candidate_0034761,34762,TwistCandidate_34762,REPORT,TOO_MANY_FAIL,2,1,1,0,1,0,41,46,secret_34_outputs_retry/workspace/candidate_0034761/scores_practrand_b_034BLK.txt,secret_34_outputs_retry/workspace/candidate_0034761/b_byte_stream_034BLK.bin,secret_34_outputs_retry/workspace/candidate_0034761/practrand_b_034BLK.txt
candidate_0035634,35635,TwistCandidate_35635,REPORT,TOO_MANY_FAIL,3,1,0,0,0,0,42,46,secret_34_outputs_retry/workspace/candidate_0035634/scores_practrand_b_034BLK.txt,secret_34_outputs_retry/workspace/candidate_0035634/b_byte_stream_034BLK.bin,secret_34_outputs_retry/workspace/candidate_0035634/practrand_b_034BLK.txt
candidate_0036003,36004,TwistCandidate_36004,REPORT,TOO_MANY_FAIL,3,1,0,1,2,0,39,46,secret_34_outputs_retry/workspace/candidate_0036003/scores_practrand_b_034BLK.txt,secret_34_outputs_retry/workspace/candidate_0036003/b_byte_stream_034BLK.bin,secret_34_outputs_retry/workspace/candidate_0036003/practrand_b_034BLK.txt
candidate_0036246,36247,TwistCandidate_36247,REPORT,TOO_MANY_FAIL,4,3,0,2,0,0,37,46,secret_34_outputs_retry/workspace/candidate_0036246/scores_practrand_b_034BLK.txt,secret_34_outputs_retry/workspace/candidate_0036246/b_byte_stream_034BLK.bin,secret_34_outputs_retry/workspace/candidate_0036246/practrand_b_034BLK.txt
candidate_0036277,36278,TwistCandidate_36278,REPORT,TOO_MANY_FAIL,4,0,1,2,1,0,38,46,secret_34_outputs_retry/workspace/candidate_0036277/scores_practrand_b_034BLK.txt,secret_34_outputs_retry/workspace/candidate_0036277/b_byte_stream_034BLK.bin,secret_34_outputs_retry/workspace/candidate_0036277/practrand_b_034BLK.txt
candidate_0036863,36864,TwistCandidate_36864,REPORT,TOO_MANY_FAIL,3,1,2,2,0,0,38,46,secret_34_outputs_retry/workspace/candidate_0036863/scores_practrand_b_034BLK.txt,secret_34_outputs_retry/workspace/candidate_0036863/b_byte_stream_034BLK.bin,secret_34_outputs_retry/workspace/candidate_0036863/practrand_b_034BLK.txt
candidate_0036949,36950,TwistCandidate_36950,REPORT,TOO_MANY_FAIL,4,0,0,1,0,0,41,46,secret_34_outputs_retry/workspace/candidate_0036949/scores_practrand_b_034BLK.txt,secret_34_outputs_retry/workspace/candidate_0036949/b_byte_stream_034BLK.bin,secret_34_outputs_retry/workspace/candidate_0036949/practrand_b_034BLK.txt
candidate_0037369,37370,TwistCandidate_37370,REPORT,TOO_MANY_FAIL,5,6,2,1,0,0,32,46,secret_34_outputs_retry/workspace/candidate_0037369/scores_practrand_b_034BLK.txt,secret_34_outputs_retry/workspace/candidate_0037369/b_byte_stream_034BLK.bin,secret_34_outputs_retry/workspace/candidate_0037369/practrand_b_034BLK.txt
candidate_0037588,37589,TwistCandidate_37589,REPORT,TOO_MANY_FAIL,4,0,1,1,2,0,38,46,secret_34_outputs_retry/workspace/candidate_0037588/scores_practrand_b_034BLK.txt,secret_34_outputs_retry/workspace/candidate_0037588/b_byte_stream_034BLK.bin,secret_34_outputs_retry/workspace/candidate_0037588/practrand_b_034BLK.txt
candidate_0037679,37680,TwistCandidate_37680,REPORT,TOO_MANY_FAIL,5,2,1,1,1,0,36,46,secret_34_outputs_retry/workspace/candidate_0037679/scores_practrand_b_034BLK.txt,secret_34_outputs_retry/workspace/candidate_0037679/b_byte_stream_034BLK.bin,secret_34_outputs_retry/workspace/candidate_0037679/practrand_b_034BLK.txt
candidate_0037895,37896,TwistCandidate_37896,REPORT,TOO_MANY_FAIL,3,2,3,1,0,0,37,46,secret_34_outputs_retry/workspace/candidate_0037895/scores_practrand_b_034BLK.txt,secret_34_outputs_retry/workspace/candidate_0037895/b_byte_stream_034BLK.bin,secret_34_outputs_retry/workspace/candidate_0037895/practrand_b_034BLK.txt
candidate_0038000,38001,TwistCandidate_38001,REPORT,TOO_MANY_FAIL,4,0,1,2,0,0,39,46,secret_34_outputs_retry/workspace/candidate_0038000/scores_practrand_b_034BLK.txt,secret_34_outputs_retry/workspace/candidate_0038000/b_byte_stream_034BLK.bin,secret_34_outputs_retry/workspace/candidate_0038000/practrand_b_034BLK.txt
candidate_0038004,38005,TwistCandidate_38005,REPORT,TOO_MANY_FAIL,3,1,0,0,1,0,41,46,secret_34_outputs_retry/workspace/candidate_0038004/scores_practrand_b_034BLK.txt,secret_34_outputs_retry/workspace/candidate_0038004/b_byte_stream_034BLK.bin,secret_34_outputs_retry/workspace/candidate_0038004/practrand_b_034BLK.txt
candidate_0038027,38028,TwistCandidate_38028,REPORT,TOO_MANY_FAIL,4,1,2,1,1,0,37,46,secret_34_outputs_retry/workspace/candidate_0038027/scores_practrand_b_034BLK.txt,secret_34_outputs_retry/workspace/candidate_0038027/b_byte_stream_034BLK.bin,secret_34_outputs_retry/workspace/candidate_0038027/practrand_b_034BLK.txt
candidate_0038206,38207,TwistCandidate_38207,REPORT,TOO_MANY_FAIL,4,2,0,0,1,0,39,46,secret_34_outputs_retry/workspace/candidate_0038206/scores_practrand_b_034BLK.txt,secret_34_outputs_retry/workspace/candidate_0038206/b_byte_stream_034BLK.bin,secret_34_outputs_retry/workspace/candidate_0038206/practrand_b_034BLK.txt
candidate_0038284,38285,TwistCandidate_38285,REPORT,TOO_MANY_FAIL,4,0,0,1,1,0,40,46,secret_34_outputs_retry/workspace/candidate_0038284/scores_practrand_b_034BLK.txt,secret_34_outputs_retry/workspace/candidate_0038284/b_byte_stream_034BLK.bin,secret_34_outputs_retry/workspace/candidate_0038284/practrand_b_034BLK.txt
candidate_0038807,38808,TwistCandidate_38808,REPORT,TOO_MANY_FAIL,4,0,0,0,1,0,41,46,secret_34_outputs_retry/workspace/candidate_0038807/scores_practrand_b_034BLK.txt,secret_34_outputs_retry/workspace/candidate_0038807/b_byte_stream_034BLK.bin,secret_34_outputs_retry/workspace/candidate_0038807/practrand_b_034BLK.txt
candidate_0039400,39401,TwistCandidate_39401,REPORT,TOO_MANY_FAIL,1,2,0,1,0,0,42,46,secret_34_outputs_retry/workspace/candidate_0039400/scores_practrand_b_034BLK.txt,secret_34_outputs_retry/workspace/candidate_0039400/b_byte_stream_034BLK.bin,secret_34_outputs_retry/workspace/candidate_0039400/practrand_b_034BLK.txt
candidate_0039474,39475,TwistCandidate_39475,REPORT,TOO_MANY_FAIL,4,0,0,0,0,0,42,46,secret_34_outputs_retry/workspace/candidate_0039474/scores_practrand_b_034BLK.txt,secret_34_outputs_retry/workspace/candidate_0039474/b_byte_stream_034BLK.bin,secret_34_outputs_retry/workspace/candidate_0039474/practrand_b_034BLK.txt
candidate_0039741,39742,TwistCandidate_39742,REPORT,TOO_MANY_FAIL,4,0,1,2,0,0,39,46,secret_34_outputs_retry/workspace/candidate_0039741/scores_practrand_b_034BLK.txt,secret_34_outputs_retry/workspace/candidate_0039741/b_byte_stream_034BLK.bin,secret_34_outputs_retry/workspace/candidate_0039741/practrand_b_034BLK.txt
candidate_0040317,40318,TwistCandidate_40318,REPORT,TOO_MANY_FAIL,4,0,1,0,0,0,41,46,secret_34_outputs_retry/workspace/candidate_0040317/scores_practrand_b_034BLK.txt,secret_34_outputs_retry/workspace/candidate_0040317/b_byte_stream_034BLK.bin,secret_34_outputs_retry/workspace/candidate_0040317/practrand_b_034BLK.txt
candidate_0040750,40751,TwistCandidate_40751,REPORT,TOO_MANY_SUSPICIOUS,0,1,3,0,0,0,42,46,secret_34_outputs_retry/workspace/candidate_0040750/scores_practrand_b_034BLK.txt,secret_34_outputs_retry/workspace/candidate_0040750/b_byte_stream_034BLK.bin,secret_34_outputs_retry/workspace/candidate_0040750/practrand_b_034BLK.txt
candidate_0041625,41626,TwistCandidate_41626,REPORT,TOO_MANY_FAIL,3,1,0,0,2,0,40,46,secret_34_outputs_retry/workspace/candidate_0041625/scores_practrand_b_034BLK.txt,secret_34_outputs_retry/workspace/candidate_0041625/b_byte_stream_034BLK.bin,secret_34_outputs_retry/workspace/candidate_0041625/practrand_b_034BLK.txt
candidate_0041647,41648,TwistCandidate_41648,REPORT,TOO_MANY_FAIL,3,1,0,1,1,0,40,46,secret_34_outputs_retry/workspace/candidate_0041647/scores_practrand_b_034BLK.txt,secret_34_outputs_retry/workspace/candidate_0041647/b_byte_stream_034BLK.bin,secret_34_outputs_retry/workspace/candidate_0041647/practrand_b_034BLK.txt
candidate_0041758,41759,TwistCandidate_41759,REPORT,TOO_MANY_FAIL,4,0,2,2,0,0,38,46,secret_34_outputs_retry/workspace/candidate_0041758/scores_practrand_b_034BLK.txt,secret_34_outputs_retry/workspace/candidate_0041758/b_byte_stream_034BLK.bin,secret_34_outputs_retry/workspace/candidate_0041758/practrand_b_034BLK.txt
candidate_0042203,42204,TwistCandidate_42204,REPORT,TOO_MANY_FAIL,4,0,0,1,1,0,40,46,secret_34_outputs_retry/workspace/candidate_0042203/scores_practrand_b_034BLK.txt,secret_34_outputs_retry/workspace/candidate_0042203/b_byte_stream_034BLK.bin,secret_34_outputs_retry/workspace/candidate_0042203/practrand_b_034BLK.txt
candidate_0043302,43303,TwistCandidate_43303,REPORT,TOO_MANY_FAIL,4,5,0,1,3,0,33,46,secret_34_outputs_retry/workspace/candidate_0043302/scores_practrand_b_034BLK.txt,secret_34_outputs_retry/workspace/candidate_0043302/b_byte_stream_034BLK.bin,secret_34_outputs_retry/workspace/candidate_0043302/practrand_b_034BLK.txt
candidate_0043631,43632,TwistCandidate_43632,REPORT,TOO_MANY_FAIL,1,2,0,1,1,0,41,46,secret_34_outputs_retry/workspace/candidate_0043631/scores_practrand_b_034BLK.txt,secret_34_outputs_retry/workspace/candidate_0043631/b_byte_stream_034BLK.bin,secret_34_outputs_retry/workspace/candidate_0043631/practrand_b_034BLK.txt
candidate_0043963,43964,TwistCandidate_43964,REPORT,TOO_MANY_FAIL,4,1,0,3,3,0,35,46,secret_34_outputs_retry/workspace/candidate_0043963/scores_practrand_b_034BLK.txt,secret_34_outputs_retry/workspace/candidate_0043963/b_byte_stream_034BLK.bin,secret_34_outputs_retry/workspace/candidate_0043963/practrand_b_034BLK.txt
candidate_0044032,44033,TwistCandidate_44033,REPORT,TOO_MANY_FAIL,3,1,0,0,1,0,41,46,secret_34_outputs_retry/workspace/candidate_0044032/scores_practrand_b_034BLK.txt,secret_34_outputs_retry/workspace/candidate_0044032/b_byte_stream_034BLK.bin,secret_34_outputs_retry/workspace/candidate_0044032/practrand_b_034BLK.txt
candidate_0044267,44268,TwistCandidate_44268,REPORT,TOO_MANY_FAIL,2,1,1,0,0,0,42,46,secret_34_outputs_retry/workspace/candidate_0044267/scores_practrand_b_034BLK.txt,secret_34_outputs_retry/workspace/candidate_0044267/b_byte_stream_034BLK.bin,secret_34_outputs_retry/workspace/candidate_0044267/practrand_b_034BLK.txt
candidate_0044442,44443,TwistCandidate_44443,REPORT,TOO_MANY_FAIL,4,0,0,0,1,0,41,46,secret_34_outputs_retry/workspace/candidate_0044442/scores_practrand_b_034BLK.txt,secret_34_outputs_retry/workspace/candidate_0044442/b_byte_stream_034BLK.bin,secret_34_outputs_retry/workspace/candidate_0044442/practrand_b_034BLK.txt
candidate_0044754,44755,TwistCandidate_44755,REPORT,PASS,0,0,0,0,3,0,43,46,secret_34_outputs_retry/workspace/candidate_0044754/scores_practrand_b_034BLK.txt,secret_34_outputs_retry/workspace/candidate_0044754/b_byte_stream_034BLK.bin,secret_34_outputs_retry/workspace/candidate_0044754/practrand_b_034BLK.txt
candidate_0044894,44895,TwistCandidate_44895,REPORT,TOO_MANY_FAIL,4,0,1,0,1,0,40,46,secret_34_outputs_retry/workspace/candidate_0044894/scores_practrand_b_034BLK.txt,secret_34_outputs_retry/workspace/candidate_0044894/b_byte_stream_034BLK.bin,secret_34_outputs_retry/workspace/candidate_0044894/practrand_b_034BLK.txt
candidate_0045362,45363,TwistCandidate_45363,REPORT,TOO_MANY_FAIL,5,2,0,2,0,0,37,46,secret_34_outputs_retry/workspace/candidate_0045362/scores_practrand_b_034BLK.txt,secret_34_outputs_retry/workspace/candidate_0045362/b_byte_stream_034BLK.bin,secret_34_outputs_retry/workspace/candidate_0045362/practrand_b_034BLK.txt
candidate_0045645,45646,TwistCandidate_45646,REPORT,TOO_MANY_FAIL,4,0,0,0,2,0,40,46,secret_34_outputs_retry/workspace/candidate_0045645/scores_practrand_b_034BLK.txt,secret_34_outputs_retry/workspace/candidate_0045645/b_byte_stream_034BLK.bin,secret_34_outputs_retry/workspace/candidate_0045645/practrand_b_034BLK.txt
candidate_0045823,45824,TwistCandidate_45824,REPORT,TOO_MANY_FAIL,4,0,0,0,1,0,41,46,secret_34_outputs_retry/workspace/candidate_0045823/scores_practrand_b_034BLK.txt,secret_34_outputs_retry/workspace/candidate_0045823/b_byte_stream_034BLK.bin,secret_34_outputs_retry/workspace/candidate_0045823/practrand_b_034BLK.txt
candidate_0046256,46257,TwistCandidate_46257,REPORT,TOO_MANY_FAIL,5,4,1,1,1,0,34,46,secret_34_outputs_retry/workspace/candidate_0046256/scores_practrand_b_034BLK.txt,secret_34_outputs_retry/workspace/candidate_0046256/b_byte_stream_034BLK.bin,secret_34_outputs_retry/workspace/candidate_0046256/practrand_b_034BLK.txt
candidate_0046365,46366,TwistCandidate_46366,REPORT,TOO_MANY_FAIL,4,2,1,2,1,0,36,46,secret_34_outputs_retry/workspace/candidate_0046365/scores_practrand_b_034BLK.txt,secret_34_outputs_retry/workspace/candidate_0046365/b_byte_stream_034BLK.bin,secret_34_outputs_retry/workspace/candidate_0046365/practrand_b_034BLK.txt
candidate_0046479,46480,TwistCandidate_46480,REPORT,TOO_MANY_FAIL,4,2,0,0,0,0,40,46,secret_34_outputs_retry/workspace/candidate_0046479/scores_practrand_b_034BLK.txt,secret_34_outputs_retry/workspace/candidate_0046479/b_byte_stream_034BLK.bin,secret_34_outputs_retry/workspace/candidate_0046479/practrand_b_034BLK.txt
candidate_0046800,46801,TwistCandidate_46801,REPORT,TOO_MANY_FAIL,4,1,0,1,1,0,39,46,secret_34_outputs_retry/workspace/candidate_0046800/scores_practrand_b_034BLK.txt,secret_34_outputs_retry/workspace/candidate_0046800/b_byte_stream_034BLK.bin,secret_34_outputs_retry/workspace/candidate_0046800/practrand_b_034BLK.txt
candidate_0046907,46908,TwistCandidate_46908,REPORT,TOO_MANY_FAIL,3,1,0,2,0,0,40,46,secret_34_outputs_retry/workspace/candidate_0046907/scores_practrand_b_034BLK.txt,secret_34_outputs_retry/workspace/candidate_0046907/b_byte_stream_034BLK.bin,secret_34_outputs_retry/workspace/candidate_0046907/practrand_b_034BLK.txt
candidate_0047896,47897,TwistCandidate_47897,REPORT,PASS,0,0,0,0,1,0,45,46,secret_34_outputs_retry/workspace/candidate_0047896/scores_practrand_b_034BLK.txt,secret_34_outputs_retry/workspace/candidate_0047896/b_byte_stream_034BLK.bin,secret_34_outputs_retry/workspace/candidate_0047896/practrand_b_034BLK.txt
candidate_0048547,48548,TwistCandidate_48548,REPORT,TOO_MANY_FAIL,4,0,0,1,0,0,41,46,secret_34_outputs_retry/workspace/candidate_0048547/scores_practrand_b_034BLK.txt,secret_34_outputs_retry/workspace/candidate_0048547/b_byte_stream_034BLK.bin,secret_34_outputs_retry/workspace/candidate_0048547/practrand_b_034BLK.txt
candidate_0049195,49196,TwistCandidate_49196,REPORT,TOO_MANY_FAIL,4,0,1,0,1,0,40,46,secret_34_outputs_retry/workspace/candidate_0049195/scores_practrand_b_034BLK.txt,secret_34_outputs_retry/workspace/candidate_0049195/b_byte_stream_034BLK.bin,secret_34_outputs_retry/workspace/candidate_0049195/practrand_b_034BLK.txt
candidate_0049244,49245,TwistCandidate_49245,REPORT,TOO_MANY_FAIL,5,3,0,0,2,0,36,46,secret_34_outputs_retry/workspace/candidate_0049244/scores_practrand_b_034BLK.txt,secret_34_outputs_retry/workspace/candidate_0049244/b_byte_stream_034BLK.bin,secret_34_outputs_retry/workspace/candidate_0049244/practrand_b_034BLK.txt
candidate_0049668,49669,TwistCandidate_49669,REPORT,TOO_MANY_FAIL,4,2,1,1,2,0,36,46,secret_34_outputs_retry/workspace/candidate_0049668/scores_practrand_b_034BLK.txt,secret_34_outputs_retry/workspace/candidate_0049668/b_byte_stream_034BLK.bin,secret_34_outputs_retry/workspace/candidate_0049668/practrand_b_034BLK.txt
candidate_0049725,49726,TwistCandidate_49726,REPORT,PASS,0,3,0,1,0,0,42,46,secret_34_outputs_retry/workspace/candidate_0049725/scores_practrand_b_034BLK.txt,secret_34_outputs_retry/workspace/candidate_0049725/b_byte_stream_034BLK.bin,secret_34_outputs_retry/workspace/candidate_0049725/practrand_b_034BLK.txt
candidate_0050828,50829,TwistCandidate_50829,REPORT,TOO_MANY_FAIL,7,5,3,1,0,0,30,46,secret_34_outputs_retry/workspace/candidate_0050828/scores_practrand_b_034BLK.txt,secret_34_outputs_retry/workspace/candidate_0050828/b_byte_stream_034BLK.bin,secret_34_outputs_retry/workspace/candidate_0050828/practrand_b_034BLK.txt
candidate_0050866,50867,TwistCandidate_50867,REPORT,TOO_MANY_FAIL,6,0,1,1,1,0,37,46,secret_34_outputs_retry/workspace/candidate_0050866/scores_practrand_b_034BLK.txt,secret_34_outputs_retry/workspace/candidate_0050866/b_byte_stream_034BLK.bin,secret_34_outputs_retry/workspace/candidate_0050866/practrand_b_034BLK.txt
candidate_0051097,51098,TwistCandidate_51098,REPORT,TOO_MANY_FAIL,4,0,0,0,2,0,40,46,secret_34_outputs_retry/workspace/candidate_0051097/scores_practrand_b_034BLK.txt,secret_34_outputs_retry/workspace/candidate_0051097/b_byte_stream_034BLK.bin,secret_34_outputs_retry/workspace/candidate_0051097/practrand_b_034BLK.txt
candidate_0051234,51235,TwistCandidate_51235,REPORT,TOO_MANY_FAIL,4,0,1,0,2,0,39,46,secret_34_outputs_retry/workspace/candidate_0051234/scores_practrand_b_034BLK.txt,secret_34_outputs_retry/workspace/candidate_0051234/b_byte_stream_034BLK.bin,secret_34_outputs_retry/workspace/candidate_0051234/practrand_b_034BLK.txt
candidate_0051437,51438,TwistCandidate_51438,REPORT,TOO_MANY_FAIL,3,1,0,3,4,0,35,46,secret_34_outputs_retry/workspace/candidate_0051437/scores_practrand_b_034BLK.txt,secret_34_outputs_retry/workspace/candidate_0051437/b_byte_stream_034BLK.bin,secret_34_outputs_retry/workspace/candidate_0051437/practrand_b_034BLK.txt
candidate_0051679,51680,TwistCandidate_51680,REPORT,TOO_MANY_FAIL,4,0,0,1,0,0,41,46,secret_34_outputs_retry/workspace/candidate_0051679/scores_practrand_b_034BLK.txt,secret_34_outputs_retry/workspace/candidate_0051679/b_byte_stream_034BLK.bin,secret_34_outputs_retry/workspace/candidate_0051679/practrand_b_034BLK.txt
candidate_0051986,51987,TwistCandidate_51987,REPORT,TOO_MANY_FAIL,4,2,1,3,2,0,34,46,secret_34_outputs_retry/workspace/candidate_0051986/scores_practrand_b_034BLK.txt,secret_34_outputs_retry/workspace/candidate_0051986/b_byte_stream_034BLK.bin,secret_34_outputs_retry/workspace/candidate_0051986/practrand_b_034BLK.txt
candidate_0052018,52019,TwistCandidate_52019,REPORT,TOO_MANY_FAIL,4,1,0,2,2,0,37,46,secret_34_outputs_retry/workspace/candidate_0052018/scores_practrand_b_034BLK.txt,secret_34_outputs_retry/workspace/candidate_0052018/b_byte_stream_034BLK.bin,secret_34_outputs_retry/workspace/candidate_0052018/practrand_b_034BLK.txt
candidate_0052064,52065,TwistCandidate_52065,REPORT,TOO_MANY_FAIL,4,3,1,1,2,0,35,46,secret_34_outputs_retry/workspace/candidate_0052064/scores_practrand_b_034BLK.txt,secret_34_outputs_retry/workspace/candidate_0052064/b_byte_stream_034BLK.bin,secret_34_outputs_retry/workspace/candidate_0052064/practrand_b_034BLK.txt
candidate_0052373,52374,TwistCandidate_52374,REPORT,TOO_MANY_FAIL,4,0,1,1,3,0,37,46,secret_34_outputs_retry/workspace/candidate_0052373/scores_practrand_b_034BLK.txt,secret_34_outputs_retry/workspace/candidate_0052373/b_byte_stream_034BLK.bin,secret_34_outputs_retry/workspace/candidate_0052373/practrand_b_034BLK.txt
candidate_0052830,52831,TwistCandidate_52831,REPORT,TOO_MANY_FAIL,4,1,0,0,2,0,39,46,secret_34_outputs_retry/workspace/candidate_0052830/scores_practrand_b_034BLK.txt,secret_34_outputs_retry/workspace/candidate_0052830/b_byte_stream_034BLK.bin,secret_34_outputs_retry/workspace/candidate_0052830/practrand_b_034BLK.txt
candidate_0053146,53147,TwistCandidate_53147,REPORT,TOO_MANY_FAIL,2,2,2,0,0,0,40,46,secret_34_outputs_retry/workspace/candidate_0053146/scores_practrand_b_034BLK.txt,secret_34_outputs_retry/workspace/candidate_0053146/b_byte_stream_034BLK.bin,secret_34_outputs_retry/workspace/candidate_0053146/practrand_b_034BLK.txt
candidate_0053930,53931,TwistCandidate_53931,REPORT,TOO_MANY_FAIL,4,2,2,2,1,0,35,46,secret_34_outputs_retry/workspace/candidate_0053930/scores_practrand_b_034BLK.txt,secret_34_outputs_retry/workspace/candidate_0053930/b_byte_stream_034BLK.bin,secret_34_outputs_retry/workspace/candidate_0053930/practrand_b_034BLK.txt
candidate_0053956,53957,TwistCandidate_53957,REPORT,TOO_MANY_FAIL,4,0,2,0,2,0,38,46,secret_34_outputs_retry/workspace/candidate_0053956/scores_practrand_b_034BLK.txt,secret_34_outputs_retry/workspace/candidate_0053956/b_byte_stream_034BLK.bin,secret_34_outputs_retry/workspace/candidate_0053956/practrand_b_034BLK.txt
candidate_0054142,54143,TwistCandidate_54143,REPORT,TOO_MANY_FAIL,3,2,0,0,1,0,40,46,secret_34_outputs_retry/workspace/candidate_0054142/scores_practrand_b_034BLK.txt,secret_34_outputs_retry/workspace/candidate_0054142/b_byte_stream_034BLK.bin,secret_34_outputs_retry/workspace/candidate_0054142/practrand_b_034BLK.txt
candidate_0054254,54255,TwistCandidate_54255,REPORT,NO_REPORT,0,0,0,0,0,0,0,0,secret_34_outputs_retry/workspace/candidate_0054254/scores_practrand_b_034BLK.txt,secret_34_outputs_retry/workspace/candidate_0054254/b_byte_stream_034BLK.bin,secret_34_outputs_retry/workspace/candidate_0054254/practrand_b_034BLK.txt
candidate_0054937,54938,TwistCandidate_54938,REPORT,TOO_MANY_FAIL,3,2,0,1,1,0,39,46,secret_34_outputs_retry/workspace/candidate_0054937/scores_practrand_b_034BLK.txt,secret_34_outputs_retry/workspace/candidate_0054937/b_byte_stream_034BLK.bin,secret_34_outputs_retry/workspace/candidate_0054937/practrand_b_034BLK.txt
candidate_0055648,55649,TwistCandidate_55649,REPORT,TOO_MANY_FAIL,4,2,0,1,0,0,39,46,secret_34_outputs_retry/workspace/candidate_0055648/scores_practrand_b_034BLK.txt,secret_34_outputs_retry/workspace/candidate_0055648/b_byte_stream_034BLK.bin,secret_34_outputs_retry/workspace/candidate_0055648/practrand_b_034BLK.txt
candidate_0056313,56314,TwistCandidate_56314,REPORT,TOO_MANY_FAIL,1,1,0,0,2,0,42,46,secret_34_outputs_retry/workspace/candidate_0056313/scores_practrand_b_034BLK.txt,secret_34_outputs_retry/workspace/candidate_0056313/b_byte_stream_034BLK.bin,secret_34_outputs_retry/workspace/candidate_0056313/practrand_b_034BLK.txt
candidate_0056331,56332,TwistCandidate_56332,REPORT,TOO_MANY_FAIL,4,0,1,3,2,0,36,46,secret_34_outputs_retry/workspace/candidate_0056331/scores_practrand_b_034BLK.txt,secret_34_outputs_retry/workspace/candidate_0056331/b_byte_stream_034BLK.bin,secret_34_outputs_retry/workspace/candidate_0056331/practrand_b_034BLK.txt
candidate_0056654,56655,TwistCandidate_56655,REPORT,TOO_MANY_FAIL,4,0,1,2,3,0,36,46,secret_34_outputs_retry/workspace/candidate_0056654/scores_practrand_b_034BLK.txt,secret_34_outputs_retry/workspace/candidate_0056654/b_byte_stream_034BLK.bin,secret_34_outputs_retry/workspace/candidate_0056654/practrand_b_034BLK.txt
candidate_0056745,56746,TwistCandidate_56746,REPORT,TOO_MANY_FAIL,5,2,1,1,4,0,33,46,secret_34_outputs_retry/workspace/candidate_0056745/scores_practrand_b_034BLK.txt,secret_34_outputs_retry/workspace/candidate_0056745/b_byte_stream_034BLK.bin,secret_34_outputs_retry/workspace/candidate_0056745/practrand_b_034BLK.txt
candidate_0057815,57816,TwistCandidate_57816,REPORT,TOO_MANY_FAIL,3,1,0,0,2,0,40,46,secret_34_outputs_retry/workspace/candidate_0057815/scores_practrand_b_034BLK.txt,secret_34_outputs_retry/workspace/candidate_0057815/b_byte_stream_034BLK.bin,secret_34_outputs_retry/workspace/candidate_0057815/practrand_b_034BLK.txt
candidate_0057984,57985,TwistCandidate_57985,REPORT,TOO_MANY_SUSPICIOUS,0,1,1,1,2,0,41,46,secret_34_outputs_retry/workspace/candidate_0057984/scores_practrand_b_034BLK.txt,secret_34_outputs_retry/workspace/candidate_0057984/b_byte_stream_034BLK.bin,secret_34_outputs_retry/workspace/candidate_0057984/practrand_b_034BLK.txt
candidate_0058141,58142,TwistCandidate_58142,REPORT,TOO_MANY_FAIL,4,0,0,2,0,0,40,46,secret_34_outputs_retry/workspace/candidate_0058141/scores_practrand_b_034BLK.txt,secret_34_outputs_retry/workspace/candidate_0058141/b_byte_stream_034BLK.bin,secret_34_outputs_retry/workspace/candidate_0058141/practrand_b_034BLK.txt
candidate_0059113,59114,TwistCandidate_59114,REPORT,TOO_MANY_FAIL,4,1,1,2,3,0,35,46,secret_34_outputs_retry/workspace/candidate_0059113/scores_practrand_b_034BLK.txt,secret_34_outputs_retry/workspace/candidate_0059113/b_byte_stream_034BLK.bin,secret_34_outputs_retry/workspace/candidate_0059113/practrand_b_034BLK.txt
candidate_0059400,59401,TwistCandidate_59401,REPORT,TOO_MANY_FAIL,4,2,2,2,3,0,33,46,secret_34_outputs_retry/workspace/candidate_0059400/scores_practrand_b_034BLK.txt,secret_34_outputs_retry/workspace/candidate_0059400/b_byte_stream_034BLK.bin,secret_34_outputs_retry/workspace/candidate_0059400/practrand_b_034BLK.txt
candidate_0060070,60071,TwistCandidate_60071,REPORT,TOO_MANY_FAIL,5,1,1,3,2,0,34,46,secret_34_outputs_retry/workspace/candidate_0060070/scores_practrand_b_034BLK.txt,secret_34_outputs_retry/workspace/candidate_0060070/b_byte_stream_034BLK.bin,secret_34_outputs_retry/workspace/candidate_0060070/practrand_b_034BLK.txt
candidate_0060128,60129,TwistCandidate_60129,REPORT,TOO_MANY_FAIL,3,0,0,1,0,0,42,46,secret_34_outputs_retry/workspace/candidate_0060128/scores_practrand_b_034BLK.txt,secret_34_outputs_retry/workspace/candidate_0060128/b_byte_stream_034BLK.bin,secret_34_outputs_retry/workspace/candidate_0060128/practrand_b_034BLK.txt
candidate_0060265,60266,TwistCandidate_60266,REPORT,TOO_MANY_FAIL,8,5,1,4,0,0,28,46,secret_34_outputs_retry/workspace/candidate_0060265/scores_practrand_b_034BLK.txt,secret_34_outputs_retry/workspace/candidate_0060265/b_byte_stream_034BLK.bin,secret_34_outputs_retry/workspace/candidate_0060265/practrand_b_034BLK.txt
candidate_0060661,60662,TwistCandidate_60662,REPORT,TOO_MANY_SUSPICIOUS,0,3,1,1,4,0,37,46,secret_34_outputs_retry/workspace/candidate_0060661/scores_practrand_b_034BLK.txt,secret_34_outputs_retry/workspace/candidate_0060661/b_byte_stream_034BLK.bin,secret_34_outputs_retry/workspace/candidate_0060661/practrand_b_034BLK.txt
candidate_0060831,60832,TwistCandidate_60832,REPORT,TOO_MANY_FAIL,4,0,0,2,0,0,40,46,secret_34_outputs_retry/workspace/candidate_0060831/scores_practrand_b_034BLK.txt,secret_34_outputs_retry/workspace/candidate_0060831/b_byte_stream_034BLK.bin,secret_34_outputs_retry/workspace/candidate_0060831/practrand_b_034BLK.txt
candidate_0061085,61086,TwistCandidate_61086,REPORT,TOO_MANY_FAIL,2,1,0,1,0,0,42,46,secret_34_outputs_retry/workspace/candidate_0061085/scores_practrand_b_034BLK.txt,secret_34_outputs_retry/workspace/candidate_0061085/b_byte_stream_034BLK.bin,secret_34_outputs_retry/workspace/candidate_0061085/practrand_b_034BLK.txt
candidate_0061304,61305,TwistCandidate_61305,REPORT,TOO_MANY_FAIL,3,1,1,0,3,0,38,46,secret_34_outputs_retry/workspace/candidate_0061304/scores_practrand_b_034BLK.txt,secret_34_outputs_retry/workspace/candidate_0061304/b_byte_stream_034BLK.bin,secret_34_outputs_retry/workspace/candidate_0061304/practrand_b_034BLK.txt
candidate_0061675,61676,TwistCandidate_61676,REPORT,TOO_MANY_FAIL,4,0,1,5,1,0,35,46,secret_34_outputs_retry/workspace/candidate_0061675/scores_practrand_b_034BLK.txt,secret_34_outputs_retry/workspace/candidate_0061675/b_byte_stream_034BLK.bin,secret_34_outputs_retry/workspace/candidate_0061675/practrand_b_034BLK.txt
candidate_0062021,62022,TwistCandidate_62022,REPORT,TOO_MANY_FAIL,1,1,2,0,0,0,42,46,secret_34_outputs_retry/workspace/candidate_0062021/scores_practrand_b_034BLK.txt,secret_34_outputs_retry/workspace/candidate_0062021/b_byte_stream_034BLK.bin,secret_34_outputs_retry/workspace/candidate_0062021/practrand_b_034BLK.txt
candidate_0062364,62365,TwistCandidate_62365,REPORT,TOO_MANY_FAIL,5,2,1,5,4,0,29,46,secret_34_outputs_retry/workspace/candidate_0062364/scores_practrand_b_034BLK.txt,secret_34_outputs_retry/workspace/candidate_0062364/b_byte_stream_034BLK.bin,secret_34_outputs_retry/workspace/candidate_0062364/practrand_b_034BLK.txt
candidate_0062757,62758,TwistCandidate_62758,REPORT,TOO_MANY_FAIL,4,1,0,1,0,0,40,46,secret_34_outputs_retry/workspace/candidate_0062757/scores_practrand_b_034BLK.txt,secret_34_outputs_retry/workspace/candidate_0062757/b_byte_stream_034BLK.bin,secret_34_outputs_retry/workspace/candidate_0062757/practrand_b_034BLK.txt
candidate_0062995,62996,TwistCandidate_62996,REPORT,TOO_MANY_FAIL,4,0,0,0,2,0,40,46,secret_34_outputs_retry/workspace/candidate_0062995/scores_practrand_b_034BLK.txt,secret_34_outputs_retry/workspace/candidate_0062995/b_byte_stream_034BLK.bin,secret_34_outputs_retry/workspace/candidate_0062995/practrand_b_034BLK.txt
candidate_0063441,63442,TwistCandidate_63442,REPORT,TOO_MANY_FAIL,4,1,1,1,1,0,38,46,secret_34_outputs_retry/workspace/candidate_0063441/scores_practrand_b_034BLK.txt,secret_34_outputs_retry/workspace/candidate_0063441/b_byte_stream_034BLK.bin,secret_34_outputs_retry/workspace/candidate_0063441/practrand_b_034BLK.txt
candidate_0063677,63678,TwistCandidate_63678,REPORT,TOO_MANY_FAIL,4,1,1,0,0,0,40,46,secret_34_outputs_retry/workspace/candidate_0063677/scores_practrand_b_034BLK.txt,secret_34_outputs_retry/workspace/candidate_0063677/b_byte_stream_034BLK.bin,secret_34_outputs_retry/workspace/candidate_0063677/practrand_b_034BLK.txt
candidate_0063798,63799,TwistCandidate_63799,REPORT,TOO_MANY_FAIL,3,1,0,1,2,0,39,46,secret_34_outputs_retry/workspace/candidate_0063798/scores_practrand_b_034BLK.txt,secret_34_outputs_retry/workspace/candidate_0063798/b_byte_stream_034BLK.bin,secret_34_outputs_retry/workspace/candidate_0063798/practrand_b_034BLK.txt
candidate_0064059,64060,TwistCandidate_64060,REPORT,TOO_MANY_FAIL,4,2,2,0,2,0,36,46,secret_34_outputs_retry/workspace/candidate_0064059/scores_practrand_b_034BLK.txt,secret_34_outputs_retry/workspace/candidate_0064059/b_byte_stream_034BLK.bin,secret_34_outputs_retry/workspace/candidate_0064059/practrand_b_034BLK.txt
candidate_0064108,64109,TwistCandidate_64109,REPORT,TOO_MANY_FAIL,4,2,0,0,2,0,38,46,secret_34_outputs_retry/workspace/candidate_0064108/scores_practrand_b_034BLK.txt,secret_34_outputs_retry/workspace/candidate_0064108/b_byte_stream_034BLK.bin,secret_34_outputs_retry/workspace/candidate_0064108/practrand_b_034BLK.txt
candidate_0064164,64165,TwistCandidate_64165,REPORT,TOO_MANY_FAIL,4,0,1,0,1,0,40,46,secret_34_outputs_retry/workspace/candidate_0064164/scores_practrand_b_034BLK.txt,secret_34_outputs_retry/workspace/candidate_0064164/b_byte_stream_034BLK.bin,secret_34_outputs_retry/workspace/candidate_0064164/practrand_b_034BLK.txt
candidate_0064430,64431,TwistCandidate_64431,REPORT,TOO_MANY_FAIL,1,3,0,0,1,0,41,46,secret_34_outputs_retry/workspace/candidate_0064430/scores_practrand_b_034BLK.txt,secret_34_outputs_retry/workspace/candidate_0064430/b_byte_stream_034BLK.bin,secret_34_outputs_retry/workspace/candidate_0064430/practrand_b_034BLK.txt
candidate_0064603,64604,TwistCandidate_64604,REPORT,TOO_MANY_FAIL,2,0,1,0,3,0,40,46,secret_34_outputs_retry/workspace/candidate_0064603/scores_practrand_b_034BLK.txt,secret_34_outputs_retry/workspace/candidate_0064603/b_byte_stream_034BLK.bin,secret_34_outputs_retry/workspace/candidate_0064603/practrand_b_034BLK.txt
candidate_0064954,64955,TwistCandidate_64955,REPORT,TOO_MANY_FAIL,4,1,2,1,0,0,38,46,secret_34_outputs_retry/workspace/candidate_0064954/scores_practrand_b_034BLK.txt,secret_34_outputs_retry/workspace/candidate_0064954/b_byte_stream_034BLK.bin,secret_34_outputs_retry/workspace/candidate_0064954/practrand_b_034BLK.txt
candidate_0064991,64992,TwistCandidate_64992,REPORT,TOO_MANY_FAIL,4,4,0,2,4,0,32,46,secret_34_outputs_retry/workspace/candidate_0064991/scores_practrand_b_034BLK.txt,secret_34_outputs_retry/workspace/candidate_0064991/b_byte_stream_034BLK.bin,secret_34_outputs_retry/workspace/candidate_0064991/practrand_b_034BLK.txt
candidate_0065013,65014,TwistCandidate_65014,REPORT,TOO_MANY_FAIL,5,3,2,1,2,0,33,46,secret_34_outputs_retry/workspace/candidate_0065013/scores_practrand_b_034BLK.txt,secret_34_outputs_retry/workspace/candidate_0065013/b_byte_stream_034BLK.bin,secret_34_outputs_retry/workspace/candidate_0065013/practrand_b_034BLK.txt
candidate_0065277,65278,TwistCandidate_65278,REPORT,TOO_MANY_FAIL,4,0,0,0,0,0,42,46,secret_34_outputs_retry/workspace/candidate_0065277/scores_practrand_b_034BLK.txt,secret_34_outputs_retry/workspace/candidate_0065277/b_byte_stream_034BLK.bin,secret_34_outputs_retry/workspace/candidate_0065277/practrand_b_034BLK.txt
candidate_0065326,65327,TwistCandidate_65327,REPORT,TOO_MANY_FAIL,3,0,1,0,2,0,40,46,secret_34_outputs_retry/workspace/candidate_0065326/scores_practrand_b_034BLK.txt,secret_34_outputs_retry/workspace/candidate_0065326/b_byte_stream_034BLK.bin,secret_34_outputs_retry/workspace/candidate_0065326/practrand_b_034BLK.txt
candidate_0065461,65462,TwistCandidate_65462,REPORT,TOO_MANY_FAIL,4,2,1,1,3,0,35,46,secret_34_outputs_retry/workspace/candidate_0065461/scores_practrand_b_034BLK.txt,secret_34_outputs_retry/workspace/candidate_0065461/b_byte_stream_034BLK.bin,secret_34_outputs_retry/workspace/candidate_0065461/practrand_b_034BLK.txt
candidate_0065649,65650,TwistCandidate_65650,REPORT,TOO_MANY_SUSPICIOUS,0,2,1,1,0,0,42,46,secret_34_outputs_retry/workspace/candidate_0065649/scores_practrand_b_034BLK.txt,secret_34_outputs_retry/workspace/candidate_0065649/b_byte_stream_034BLK.bin,secret_34_outputs_retry/workspace/candidate_0065649/practrand_b_034BLK.txt
candidate_0065808,65809,TwistCandidate_65809,REPORT,TOO_MANY_FAIL,4,0,1,0,2,0,39,46,secret_34_outputs_retry/workspace/candidate_0065808/scores_practrand_b_034BLK.txt,secret_34_outputs_retry/workspace/candidate_0065808/b_byte_stream_034BLK.bin,secret_34_outputs_retry/workspace/candidate_0065808/practrand_b_034BLK.txt
candidate_0065984,65985,TwistCandidate_65985,REPORT,TOO_MANY_FAIL,5,1,0,5,3,0,32,46,secret_34_outputs_retry/workspace/candidate_0065984/scores_practrand_b_034BLK.txt,secret_34_outputs_retry/workspace/candidate_0065984/b_byte_stream_034BLK.bin,secret_34_outputs_retry/workspace/candidate_0065984/practrand_b_034BLK.txt
candidate_0066218,66219,TwistCandidate_66219,REPORT,TOO_MANY_FAIL,2,2,0,1,1,0,40,46,secret_34_outputs_retry/workspace/candidate_0066218/scores_practrand_b_034BLK.txt,secret_34_outputs_retry/workspace/candidate_0066218/b_byte_stream_034BLK.bin,secret_34_outputs_retry/workspace/candidate_0066218/practrand_b_034BLK.txt
candidate_0066267,66268,TwistCandidate_66268,REPORT,TOO_MANY_FAIL,4,1,0,0,4,0,37,46,secret_34_outputs_retry/workspace/candidate_0066267/scores_practrand_b_034BLK.txt,secret_34_outputs_retry/workspace/candidate_0066267/b_byte_stream_034BLK.bin,secret_34_outputs_retry/workspace/candidate_0066267/practrand_b_034BLK.txt
candidate_0066472,66473,TwistCandidate_66473,REPORT,TOO_MANY_FAIL,5,0,0,1,1,0,39,46,secret_34_outputs_retry/workspace/candidate_0066472/scores_practrand_b_034BLK.txt,secret_34_outputs_retry/workspace/candidate_0066472/b_byte_stream_034BLK.bin,secret_34_outputs_retry/workspace/candidate_0066472/practrand_b_034BLK.txt
candidate_0066672,66673,TwistCandidate_66673,REPORT,TOO_MANY_FAIL,2,1,0,0,1,0,42,46,secret_34_outputs_retry/workspace/candidate_0066672/scores_practrand_b_034BLK.txt,secret_34_outputs_retry/workspace/candidate_0066672/b_byte_stream_034BLK.bin,secret_34_outputs_retry/workspace/candidate_0066672/practrand_b_034BLK.txt
candidate_0066773,66774,TwistCandidate_66774,REPORT,TOO_MANY_FAIL,4,2,1,1,1,0,37,46,secret_34_outputs_retry/workspace/candidate_0066773/scores_practrand_b_034BLK.txt,secret_34_outputs_retry/workspace/candidate_0066773/b_byte_stream_034BLK.bin,secret_34_outputs_retry/workspace/candidate_0066773/practrand_b_034BLK.txt
candidate_0067041,67042,TwistCandidate_67042,REPORT,TOO_MANY_FAIL,4,0,0,0,1,0,41,46,secret_34_outputs_retry/workspace/candidate_0067041/scores_practrand_b_034BLK.txt,secret_34_outputs_retry/workspace/candidate_0067041/b_byte_stream_034BLK.bin,secret_34_outputs_retry/workspace/candidate_0067041/practrand_b_034BLK.txt
candidate_0067233,67234,TwistCandidate_67234,REPORT,TOO_MANY_FAIL,4,0,1,1,2,0,38,46,secret_34_outputs_retry/workspace/candidate_0067233/scores_practrand_b_034BLK.txt,secret_34_outputs_retry/workspace/candidate_0067233/b_byte_stream_034BLK.bin,secret_34_outputs_retry/workspace/candidate_0067233/practrand_b_034BLK.txt
candidate_0068066,68067,TwistCandidate_68067,REPORT,TOO_MANY_FAIL,6,0,0,2,1,0,37,46,secret_34_outputs_retry/workspace/candidate_0068066/scores_practrand_b_034BLK.txt,secret_34_outputs_retry/workspace/candidate_0068066/b_byte_stream_034BLK.bin,secret_34_outputs_retry/workspace/candidate_0068066/practrand_b_034BLK.txt
candidate_0068087,68088,TwistCandidate_68088,REPORT,TOO_MANY_FAIL,4,0,0,1,4,0,37,46,secret_34_outputs_retry/workspace/candidate_0068087/scores_practrand_b_034BLK.txt,secret_34_outputs_retry/workspace/candidate_0068087/b_byte_stream_034BLK.bin,secret_34_outputs_retry/workspace/candidate_0068087/practrand_b_034BLK.txt
candidate_0068311,68312,TwistCandidate_68312,REPORT,TOO_MANY_FAIL,3,1,0,0,0,0,42,46,secret_34_outputs_retry/workspace/candidate_0068311/scores_practrand_b_034BLK.txt,secret_34_outputs_retry/workspace/candidate_0068311/b_byte_stream_034BLK.bin,secret_34_outputs_retry/workspace/candidate_0068311/practrand_b_034BLK.txt
candidate_0068938,68939,TwistCandidate_68939,REPORT,TOO_MANY_FAIL,4,0,0,0,0,0,42,46,secret_34_outputs_retry/workspace/candidate_0068938/scores_practrand_b_034BLK.txt,secret_34_outputs_retry/workspace/candidate_0068938/b_byte_stream_034BLK.bin,secret_34_outputs_retry/workspace/candidate_0068938/practrand_b_034BLK.txt
candidate_0069186,69187,TwistCandidate_69187,REPORT,TOO_MANY_FAIL,4,0,0,0,1,0,41,46,secret_34_outputs_retry/workspace/candidate_0069186/scores_practrand_b_034BLK.txt,secret_34_outputs_retry/workspace/candidate_0069186/b_byte_stream_034BLK.bin,secret_34_outputs_retry/workspace/candidate_0069186/practrand_b_034BLK.txt
candidate_0069329,69330,TwistCandidate_69330,REPORT,TOO_MANY_FAIL,3,0,0,0,4,0,39,46,secret_34_outputs_retry/workspace/candidate_0069329/scores_practrand_b_034BLK.txt,secret_34_outputs_retry/workspace/candidate_0069329/b_byte_stream_034BLK.bin,secret_34_outputs_retry/workspace/candidate_0069329/practrand_b_034BLK.txt
candidate_0069837,69838,TwistCandidate_69838,REPORT,TOO_MANY_FAIL,6,1,0,2,2,0,35,46,secret_34_outputs_retry/workspace/candidate_0069837/scores_practrand_b_034BLK.txt,secret_34_outputs_retry/workspace/candidate_0069837/b_byte_stream_034BLK.bin,secret_34_outputs_retry/workspace/candidate_0069837/practrand_b_034BLK.txt
candidate_0069901,69902,TwistCandidate_69902,REPORT,TOO_MANY_FAIL,3,1,1,0,0,0,41,46,secret_34_outputs_retry/workspace/candidate_0069901/scores_practrand_b_034BLK.txt,secret_34_outputs_retry/workspace/candidate_0069901/b_byte_stream_034BLK.bin,secret_34_outputs_retry/workspace/candidate_0069901/practrand_b_034BLK.txt
candidate_0070156,70157,TwistCandidate_70157,REPORT,TOO_MANY_FAIL,3,1,0,1,1,0,40,46,secret_34_outputs_retry/workspace/candidate_0070156/scores_practrand_b_034BLK.txt,secret_34_outputs_retry/workspace/candidate_0070156/b_byte_stream_034BLK.bin,secret_34_outputs_retry/workspace/candidate_0070156/practrand_b_034BLK.txt
candidate_0070473,70474,TwistCandidate_70474,REPORT,TOO_MANY_FAIL,4,3,0,3,2,0,34,46,secret_34_outputs_retry/workspace/candidate_0070473/scores_practrand_b_034BLK.txt,secret_34_outputs_retry/workspace/candidate_0070473/b_byte_stream_034BLK.bin,secret_34_outputs_retry/workspace/candidate_0070473/practrand_b_034BLK.txt
candidate_0070542,70543,TwistCandidate_70543,REPORT,TOO_MANY_FAIL,4,1,1,0,2,0,38,46,secret_34_outputs_retry/workspace/candidate_0070542/scores_practrand_b_034BLK.txt,secret_34_outputs_retry/workspace/candidate_0070542/b_byte_stream_034BLK.bin,secret_34_outputs_retry/workspace/candidate_0070542/practrand_b_034BLK.txt
candidate_0070682,70683,TwistCandidate_70683,REPORT,TOO_MANY_FAIL,4,0,0,2,1,0,39,46,secret_34_outputs_retry/workspace/candidate_0070682/scores_practrand_b_034BLK.txt,secret_34_outputs_retry/workspace/candidate_0070682/b_byte_stream_034BLK.bin,secret_34_outputs_retry/workspace/candidate_0070682/practrand_b_034BLK.txt
candidate_0071237,71238,TwistCandidate_71238,REPORT,TOO_MANY_FAIL,4,0,0,0,1,0,41,46,secret_34_outputs_retry/workspace/candidate_0071237/scores_practrand_b_034BLK.txt,secret_34_outputs_retry/workspace/candidate_0071237/b_byte_stream_034BLK.bin,secret_34_outputs_retry/workspace/candidate_0071237/practrand_b_034BLK.txt
candidate_0071261,71262,TwistCandidate_71262,REPORT,TOO_MANY_FAIL,3,1,0,1,1,0,40,46,secret_34_outputs_retry/workspace/candidate_0071261/scores_practrand_b_034BLK.txt,secret_34_outputs_retry/workspace/candidate_0071261/b_byte_stream_034BLK.bin,secret_34_outputs_retry/workspace/candidate_0071261/practrand_b_034BLK.txt
candidate_0072376,72377,TwistCandidate_72377,REPORT,TOO_MANY_FAIL,5,2,4,4,0,0,31,46,secret_34_outputs_retry/workspace/candidate_0072376/scores_practrand_b_034BLK.txt,secret_34_outputs_retry/workspace/candidate_0072376/b_byte_stream_034BLK.bin,secret_34_outputs_retry/workspace/candidate_0072376/practrand_b_034BLK.txt
candidate_0072643,72644,TwistCandidate_72644,REPORT,TOO_MANY_FAIL,3,1,0,0,0,0,42,46,secret_34_outputs_retry/workspace/candidate_0072643/scores_practrand_b_034BLK.txt,secret_34_outputs_retry/workspace/candidate_0072643/b_byte_stream_034BLK.bin,secret_34_outputs_retry/workspace/candidate_0072643/practrand_b_034BLK.txt
candidate_0072689,72690,TwistCandidate_72690,REPORT,TOO_MANY_FAIL,2,1,0,0,0,0,43,46,secret_34_outputs_retry/workspace/candidate_0072689/scores_practrand_b_034BLK.txt,secret_34_outputs_retry/workspace/candidate_0072689/b_byte_stream_034BLK.bin,secret_34_outputs_retry/workspace/candidate_0072689/practrand_b_034BLK.txt
candidate_0072712,72713,TwistCandidate_72713,REPORT,TOO_MANY_FAIL,4,0,0,1,2,0,39,46,secret_34_outputs_retry/workspace/candidate_0072712/scores_practrand_b_034BLK.txt,secret_34_outputs_retry/workspace/candidate_0072712/b_byte_stream_034BLK.bin,secret_34_outputs_retry/workspace/candidate_0072712/practrand_b_034BLK.txt
candidate_0072747,72748,TwistCandidate_72748,REPORT,TOO_MANY_FAIL,2,2,1,1,3,0,37,46,secret_34_outputs_retry/workspace/candidate_0072747/scores_practrand_b_034BLK.txt,secret_34_outputs_retry/workspace/candidate_0072747/b_byte_stream_034BLK.bin,secret_34_outputs_retry/workspace/candidate_0072747/practrand_b_034BLK.txt
candidate_0072785,72786,TwistCandidate_72786,REPORT,TOO_MANY_FAIL,3,2,0,0,2,0,39,46,secret_34_outputs_retry/workspace/candidate_0072785/scores_practrand_b_034BLK.txt,secret_34_outputs_retry/workspace/candidate_0072785/b_byte_stream_034BLK.bin,secret_34_outputs_retry/workspace/candidate_0072785/practrand_b_034BLK.txt
candidate_0072985,72986,TwistCandidate_72986,REPORT,TOO_MANY_FAIL,3,1,1,0,1,0,40,46,secret_34_outputs_retry/workspace/candidate_0072985/scores_practrand_b_034BLK.txt,secret_34_outputs_retry/workspace/candidate_0072985/b_byte_stream_034BLK.bin,secret_34_outputs_retry/workspace/candidate_0072985/practrand_b_034BLK.txt
candidate_0073436,73437,TwistCandidate_73437,REPORT,TOO_MANY_FAIL,4,0,1,2,2,0,37,46,secret_34_outputs_retry/workspace/candidate_0073436/scores_practrand_b_034BLK.txt,secret_34_outputs_retry/workspace/candidate_0073436/b_byte_stream_034BLK.bin,secret_34_outputs_retry/workspace/candidate_0073436/practrand_b_034BLK.txt
candidate_0073503,73504,TwistCandidate_73504,REPORT,TOO_MANY_FAIL,4,0,0,2,2,0,38,46,secret_34_outputs_retry/workspace/candidate_0073503/scores_practrand_b_034BLK.txt,secret_34_outputs_retry/workspace/candidate_0073503/b_byte_stream_034BLK.bin,secret_34_outputs_retry/workspace/candidate_0073503/practrand_b_034BLK.txt
candidate_0074720,74721,TwistCandidate_74721,REPORT,TOO_MANY_FAIL,4,1,0,1,1,0,39,46,secret_34_outputs_retry/workspace/candidate_0074720/scores_practrand_b_034BLK.txt,secret_34_outputs_retry/workspace/candidate_0074720/b_byte_stream_034BLK.bin,secret_34_outputs_retry/workspace/candidate_0074720/practrand_b_034BLK.txt
candidate_0075424,75425,TwistCandidate_75425,REPORT,PASS,0,1,0,1,0,0,44,46,secret_34_outputs_retry/workspace/candidate_0075424/scores_practrand_b_034BLK.txt,secret_34_outputs_retry/workspace/candidate_0075424/b_byte_stream_034BLK.bin,secret_34_outputs_retry/workspace/candidate_0075424/practrand_b_034BLK.txt
candidate_0075733,75734,TwistCandidate_75734,REPORT,TOO_MANY_FAIL,4,0,0,1,0,0,41,46,secret_34_outputs_retry/workspace/candidate_0075733/scores_practrand_b_034BLK.txt,secret_34_outputs_retry/workspace/candidate_0075733/b_byte_stream_034BLK.bin,secret_34_outputs_retry/workspace/candidate_0075733/practrand_b_034BLK.txt
candidate_0076608,76609,TwistCandidate_76609,REPORT,TOO_MANY_SUSPICIOUS,0,1,1,2,1,0,41,46,secret_34_outputs_retry/workspace/candidate_0076608/scores_practrand_b_034BLK.txt,secret_34_outputs_retry/workspace/candidate_0076608/b_byte_stream_034BLK.bin,secret_34_outputs_retry/workspace/candidate_0076608/practrand_b_034BLK.txt
candidate_0077054,77055,TwistCandidate_77055,REPORT,TOO_MANY_FAIL,4,2,1,1,0,0,38,46,secret_34_outputs_retry/workspace/candidate_0077054/scores_practrand_b_034BLK.txt,secret_34_outputs_retry/workspace/candidate_0077054/b_byte_stream_034BLK.bin,secret_34_outputs_retry/workspace/candidate_0077054/practrand_b_034BLK.txt
candidate_0077111,77112,TwistCandidate_77112,REPORT,TOO_MANY_FAIL,5,7,2,2,2,0,28,46,secret_34_outputs_retry/workspace/candidate_0077111/scores_practrand_b_034BLK.txt,secret_34_outputs_retry/workspace/candidate_0077111/b_byte_stream_034BLK.bin,secret_34_outputs_retry/workspace/candidate_0077111/practrand_b_034BLK.txt
candidate_0077493,77494,TwistCandidate_77494,REPORT,TOO_MANY_FAIL,3,1,1,1,0,0,40,46,secret_34_outputs_retry/workspace/candidate_0077493/scores_practrand_b_034BLK.txt,secret_34_outputs_retry/workspace/candidate_0077493/b_byte_stream_034BLK.bin,secret_34_outputs_retry/workspace/candidate_0077493/practrand_b_034BLK.txt
candidate_0077642,77643,TwistCandidate_77643,REPORT,TOO_MANY_FAIL,4,0,0,1,0,0,41,46,secret_34_outputs_retry/workspace/candidate_0077642/scores_practrand_b_034BLK.txt,secret_34_outputs_retry/workspace/candidate_0077642/b_byte_stream_034BLK.bin,secret_34_outputs_retry/workspace/candidate_0077642/practrand_b_034BLK.txt
candidate_0077650,77651,TwistCandidate_77651,REPORT,TOO_MANY_FAIL,2,1,1,0,0,0,42,46,secret_34_outputs_retry/workspace/candidate_0077650/scores_practrand_b_034BLK.txt,secret_34_outputs_retry/workspace/candidate_0077650/b_byte_stream_034BLK.bin,secret_34_outputs_retry/workspace/candidate_0077650/practrand_b_034BLK.txt
candidate_0077754,77755,TwistCandidate_77755,REPORT,TOO_MANY_FAIL,4,2,0,1,3,0,36,46,secret_34_outputs_retry/workspace/candidate_0077754/scores_practrand_b_034BLK.txt,secret_34_outputs_retry/workspace/candidate_0077754/b_byte_stream_034BLK.bin,secret_34_outputs_retry/workspace/candidate_0077754/practrand_b_034BLK.txt
candidate_0078370,78371,TwistCandidate_78371,REPORT,TOO_MANY_FAIL,4,0,2,1,3,0,36,46,secret_34_outputs_retry/workspace/candidate_0078370/scores_practrand_b_034BLK.txt,secret_34_outputs_retry/workspace/candidate_0078370/b_byte_stream_034BLK.bin,secret_34_outputs_retry/workspace/candidate_0078370/practrand_b_034BLK.txt
candidate_0079463,79464,TwistCandidate_79464,REPORT,TOO_MANY_FAIL,2,1,0,1,0,0,42,46,secret_34_outputs_retry/workspace/candidate_0079463/scores_practrand_b_034BLK.txt,secret_34_outputs_retry/workspace/candidate_0079463/b_byte_stream_034BLK.bin,secret_34_outputs_retry/workspace/candidate_0079463/practrand_b_034BLK.txt
candidate_0079612,79613,TwistCandidate_79613,REPORT,TOO_MANY_FAIL,2,0,1,0,1,0,42,46,secret_34_outputs_retry/workspace/candidate_0079612/scores_practrand_b_034BLK.txt,secret_34_outputs_retry/workspace/candidate_0079612/b_byte_stream_034BLK.bin,secret_34_outputs_retry/workspace/candidate_0079612/practrand_b_034BLK.txt
candidate_0079614,79615,TwistCandidate_79615,REPORT,TOO_MANY_FAIL,4,0,0,1,2,0,39,46,secret_34_outputs_retry/workspace/candidate_0079614/scores_practrand_b_034BLK.txt,secret_34_outputs_retry/workspace/candidate_0079614/b_byte_stream_034BLK.bin,secret_34_outputs_retry/workspace/candidate_0079614/practrand_b_034BLK.txt
candidate_0080144,80145,TwistCandidate_80145,REPORT,TOO_MANY_FAIL,4,3,3,3,1,0,32,46,secret_34_outputs_retry/workspace/candidate_0080144/scores_practrand_b_034BLK.txt,secret_34_outputs_retry/workspace/candidate_0080144/b_byte_stream_034BLK.bin,secret_34_outputs_retry/workspace/candidate_0080144/practrand_b_034BLK.txt
candidate_0080545,80546,TwistCandidate_80546,REPORT,TOO_MANY_FAIL,4,0,0,1,1,0,40,46,secret_34_outputs_retry/workspace/candidate_0080545/scores_practrand_b_034BLK.txt,secret_34_outputs_retry/workspace/candidate_0080545/b_byte_stream_034BLK.bin,secret_34_outputs_retry/workspace/candidate_0080545/practrand_b_034BLK.txt
candidate_0081530,81531,TwistCandidate_81531,REPORT,TOO_MANY_FAIL,2,1,0,1,0,0,42,46,secret_34_outputs_retry/workspace/candidate_0081530/scores_practrand_b_034BLK.txt,secret_34_outputs_retry/workspace/candidate_0081530/b_byte_stream_034BLK.bin,secret_34_outputs_retry/workspace/candidate_0081530/practrand_b_034BLK.txt
candidate_0081586,81587,TwistCandidate_81587,REPORT,TOO_MANY_SUSPICIOUS,0,3,1,0,0,0,42,46,secret_34_outputs_retry/workspace/candidate_0081586/scores_practrand_b_034BLK.txt,secret_34_outputs_retry/workspace/candidate_0081586/b_byte_stream_034BLK.bin,secret_34_outputs_retry/workspace/candidate_0081586/practrand_b_034BLK.txt
candidate_0081942,81943,TwistCandidate_81943,REPORT,TOO_MANY_FAIL,1,2,1,1,2,0,39,46,secret_34_outputs_retry/workspace/candidate_0081942/scores_practrand_b_034BLK.txt,secret_34_outputs_retry/workspace/candidate_0081942/b_byte_stream_034BLK.bin,secret_34_outputs_retry/workspace/candidate_0081942/practrand_b_034BLK.txt
candidate_0081982,81983,TwistCandidate_81983,REPORT,TOO_MANY_FAIL,4,1,0,0,4,0,37,46,secret_34_outputs_retry/workspace/candidate_0081982/scores_practrand_b_034BLK.txt,secret_34_outputs_retry/workspace/candidate_0081982/b_byte_stream_034BLK.bin,secret_34_outputs_retry/workspace/candidate_0081982/practrand_b_034BLK.txt
candidate_0081994,81995,TwistCandidate_81995,REPORT,TOO_MANY_FAIL,5,1,0,3,3,0,34,46,secret_34_outputs_retry/workspace/candidate_0081994/scores_practrand_b_034BLK.txt,secret_34_outputs_retry/workspace/candidate_0081994/b_byte_stream_034BLK.bin,secret_34_outputs_retry/workspace/candidate_0081994/practrand_b_034BLK.txt
candidate_0082168,82169,TwistCandidate_82169,REPORT,TOO_MANY_FAIL,4,0,0,1,2,0,39,46,secret_34_outputs_retry/workspace/candidate_0082168/scores_practrand_b_034BLK.txt,secret_34_outputs_retry/workspace/candidate_0082168/b_byte_stream_034BLK.bin,secret_34_outputs_retry/workspace/candidate_0082168/practrand_b_034BLK.txt
candidate_0082703,82704,TwistCandidate_82704,REPORT,TOO_MANY_SUSPICIOUS,0,1,1,0,0,0,44,46,secret_34_outputs_retry/workspace/candidate_0082703/scores_practrand_b_034BLK.txt,secret_34_outputs_retry/workspace/candidate_0082703/b_byte_stream_034BLK.bin,secret_34_outputs_retry/workspace/candidate_0082703/practrand_b_034BLK.txt
candidate_0082807,82808,TwistCandidate_82808,REPORT,TOO_MANY_FAIL,4,0,0,1,1,0,40,46,secret_34_outputs_retry/workspace/candidate_0082807/scores_practrand_b_034BLK.txt,secret_34_outputs_retry/workspace/candidate_0082807/b_byte_stream_034BLK.bin,secret_34_outputs_retry/workspace/candidate_0082807/practrand_b_034BLK.txt
candidate_0082818,82819,TwistCandidate_82819,REPORT,TOO_MANY_FAIL,5,4,1,2,1,0,33,46,secret_34_outputs_retry/workspace/candidate_0082818/scores_practrand_b_034BLK.txt,secret_34_outputs_retry/workspace/candidate_0082818/b_byte_stream_034BLK.bin,secret_34_outputs_retry/workspace/candidate_0082818/practrand_b_034BLK.txt
candidate_0082939,82940,TwistCandidate_82940,REPORT,TOO_MANY_FAIL,4,0,1,1,2,0,38,46,secret_34_outputs_retry/workspace/candidate_0082939/scores_practrand_b_034BLK.txt,secret_34_outputs_retry/workspace/candidate_0082939/b_byte_stream_034BLK.bin,secret_34_outputs_retry/workspace/candidate_0082939/practrand_b_034BLK.txt
candidate_0083093,83094,TwistCandidate_83094,REPORT,TOO_MANY_FAIL,4,4,0,0,5,0,33,46,secret_34_outputs_retry/workspace/candidate_0083093/scores_practrand_b_034BLK.txt,secret_34_outputs_retry/workspace/candidate_0083093/b_byte_stream_034BLK.bin,secret_34_outputs_retry/workspace/candidate_0083093/practrand_b_034BLK.txt
candidate_0083585,83586,TwistCandidate_83586,REPORT,TOO_MANY_FAIL,4,7,0,2,3,0,30,46,secret_34_outputs_retry/workspace/candidate_0083585/scores_practrand_b_034BLK.txt,secret_34_outputs_retry/workspace/candidate_0083585/b_byte_stream_034BLK.bin,secret_34_outputs_retry/workspace/candidate_0083585/practrand_b_034BLK.txt
candidate_0083659,83660,TwistCandidate_83660,REPORT,TOO_MANY_FAIL,5,3,1,3,2,0,32,46,secret_34_outputs_retry/workspace/candidate_0083659/scores_practrand_b_034BLK.txt,secret_34_outputs_retry/workspace/candidate_0083659/b_byte_stream_034BLK.bin,secret_34_outputs_retry/workspace/candidate_0083659/practrand_b_034BLK.txt
candidate_0083747,83748,TwistCandidate_83748,REPORT,TOO_MANY_FAIL,4,1,2,2,4,0,33,46,secret_34_outputs_retry/workspace/candidate_0083747/scores_practrand_b_034BLK.txt,secret_34_outputs_retry/workspace/candidate_0083747/b_byte_stream_034BLK.bin,secret_34_outputs_retry/workspace/candidate_0083747/practrand_b_034BLK.txt
candidate_0083938,83939,TwistCandidate_83939,REPORT,TOO_MANY_SUSPICIOUS,0,1,1,0,1,0,43,46,secret_34_outputs_retry/workspace/candidate_0083938/scores_practrand_b_034BLK.txt,secret_34_outputs_retry/workspace/candidate_0083938/b_byte_stream_034BLK.bin,secret_34_outputs_retry/workspace/candidate_0083938/practrand_b_034BLK.txt
candidate_0084063,84064,TwistCandidate_84064,REPORT,PASS,0,0,0,0,3,0,43,46,secret_34_outputs_retry/workspace/candidate_0084063/scores_practrand_b_034BLK.txt,secret_34_outputs_retry/workspace/candidate_0084063/b_byte_stream_034BLK.bin,secret_34_outputs_retry/workspace/candidate_0084063/practrand_b_034BLK.txt
candidate_0084257,84258,TwistCandidate_84258,REPORT,TOO_MANY_FAIL,4,0,1,1,0,0,40,46,secret_34_outputs_retry/workspace/candidate_0084257/scores_practrand_b_034BLK.txt,secret_34_outputs_retry/workspace/candidate_0084257/b_byte_stream_034BLK.bin,secret_34_outputs_retry/workspace/candidate_0084257/practrand_b_034BLK.txt
candidate_0084272,84273,TwistCandidate_84273,REPORT,TOO_MANY_FAIL,4,3,0,1,1,0,37,46,secret_34_outputs_retry/workspace/candidate_0084272/scores_practrand_b_034BLK.txt,secret_34_outputs_retry/workspace/candidate_0084272/b_byte_stream_034BLK.bin,secret_34_outputs_retry/workspace/candidate_0084272/practrand_b_034BLK.txt
candidate_0085017,85018,TwistCandidate_85018,REPORT,TOO_MANY_FAIL,4,2,0,3,3,0,34,46,secret_34_outputs_retry/workspace/candidate_0085017/scores_practrand_b_034BLK.txt,secret_34_outputs_retry/workspace/candidate_0085017/b_byte_stream_034BLK.bin,secret_34_outputs_retry/workspace/candidate_0085017/practrand_b_034BLK.txt
candidate_0085052,85053,TwistCandidate_85053,REPORT,TOO_MANY_FAIL,2,1,0,0,3,0,40,46,secret_34_outputs_retry/workspace/candidate_0085052/scores_practrand_b_034BLK.txt,secret_34_outputs_retry/workspace/candidate_0085052/b_byte_stream_034BLK.bin,secret_34_outputs_retry/workspace/candidate_0085052/practrand_b_034BLK.txt
candidate_0085746,85747,TwistCandidate_85747,REPORT,TOO_MANY_FAIL,4,0,0,1,1,0,40,46,secret_34_outputs_retry/workspace/candidate_0085746/scores_practrand_b_034BLK.txt,secret_34_outputs_retry/workspace/candidate_0085746/b_byte_stream_034BLK.bin,secret_34_outputs_retry/workspace/candidate_0085746/practrand_b_034BLK.txt
candidate_0085918,85919,TwistCandidate_85919,REPORT,TOO_MANY_FAIL,3,1,0,1,2,0,39,46,secret_34_outputs_retry/workspace/candidate_0085918/scores_practrand_b_034BLK.txt,secret_34_outputs_retry/workspace/candidate_0085918/b_byte_stream_034BLK.bin,secret_34_outputs_retry/workspace/candidate_0085918/practrand_b_034BLK.txt
candidate_0086142,86143,TwistCandidate_86143,REPORT,TOO_MANY_FAIL,2,1,1,1,0,0,41,46,secret_34_outputs_retry/workspace/candidate_0086142/scores_practrand_b_034BLK.txt,secret_34_outputs_retry/workspace/candidate_0086142/b_byte_stream_034BLK.bin,secret_34_outputs_retry/workspace/candidate_0086142/practrand_b_034BLK.txt
candidate_0086808,86809,TwistCandidate_86809,REPORT,TOO_MANY_FAIL,4,0,2,1,1,0,38,46,secret_34_outputs_retry/workspace/candidate_0086808/scores_practrand_b_034BLK.txt,secret_34_outputs_retry/workspace/candidate_0086808/b_byte_stream_034BLK.bin,secret_34_outputs_retry/workspace/candidate_0086808/practrand_b_034BLK.txt
candidate_0086841,86842,TwistCandidate_86842,REPORT,TOO_MANY_FAIL,4,1,2,0,1,0,38,46,secret_34_outputs_retry/workspace/candidate_0086841/scores_practrand_b_034BLK.txt,secret_34_outputs_retry/workspace/candidate_0086841/b_byte_stream_034BLK.bin,secret_34_outputs_retry/workspace/candidate_0086841/practrand_b_034BLK.txt
candidate_0087406,87407,TwistCandidate_87407,REPORT,TOO_MANY_FAIL,4,0,0,1,0,0,41,46,secret_34_outputs_retry/workspace/candidate_0087406/scores_practrand_b_034BLK.txt,secret_34_outputs_retry/workspace/candidate_0087406/b_byte_stream_034BLK.bin,secret_34_outputs_retry/workspace/candidate_0087406/practrand_b_034BLK.txt
candidate_0087527,87528,TwistCandidate_87528,REPORT,TOO_MANY_FAIL,4,0,0,0,2,0,40,46,secret_34_outputs_retry/workspace/candidate_0087527/scores_practrand_b_034BLK.txt,secret_34_outputs_retry/workspace/candidate_0087527/b_byte_stream_034BLK.bin,secret_34_outputs_retry/workspace/candidate_0087527/practrand_b_034BLK.txt
candidate_0087746,87747,TwistCandidate_87747,REPORT,TOO_MANY_FAIL,2,2,0,0,1,0,41,46,secret_34_outputs_retry/workspace/candidate_0087746/scores_practrand_b_034BLK.txt,secret_34_outputs_retry/workspace/candidate_0087746/b_byte_stream_034BLK.bin,secret_34_outputs_retry/workspace/candidate_0087746/practrand_b_034BLK.txt
candidate_0087905,87906,TwistCandidate_87906,REPORT,TOO_MANY_FAIL,3,0,1,1,1,0,40,46,secret_34_outputs_retry/workspace/candidate_0087905/scores_practrand_b_034BLK.txt,secret_34_outputs_retry/workspace/candidate_0087905/b_byte_stream_034BLK.bin,secret_34_outputs_retry/workspace/candidate_0087905/practrand_b_034BLK.txt
candidate_0088101,88102,TwistCandidate_88102,REPORT,TOO_MANY_FAIL,4,1,1,4,4,0,32,46,secret_34_outputs_retry/workspace/candidate_0088101/scores_practrand_b_034BLK.txt,secret_34_outputs_retry/workspace/candidate_0088101/b_byte_stream_034BLK.bin,secret_34_outputs_retry/workspace/candidate_0088101/practrand_b_034BLK.txt
candidate_0088244,88245,TwistCandidate_88245,REPORT,TOO_MANY_FAIL,6,3,1,2,1,0,33,46,secret_34_outputs_retry/workspace/candidate_0088244/scores_practrand_b_034BLK.txt,secret_34_outputs_retry/workspace/candidate_0088244/b_byte_stream_034BLK.bin,secret_34_outputs_retry/workspace/candidate_0088244/practrand_b_034BLK.txt
candidate_0088373,88374,TwistCandidate_88374,REPORT,TOO_MANY_FAIL,4,0,0,0,2,0,40,46,secret_34_outputs_retry/workspace/candidate_0088373/scores_practrand_b_034BLK.txt,secret_34_outputs_retry/workspace/candidate_0088373/b_byte_stream_034BLK.bin,secret_34_outputs_retry/workspace/candidate_0088373/practrand_b_034BLK.txt
candidate_0088706,88707,TwistCandidate_88707,REPORT,TOO_MANY_FAIL,4,0,0,1,1,0,40,46,secret_34_outputs_retry/workspace/candidate_0088706/scores_practrand_b_034BLK.txt,secret_34_outputs_retry/workspace/candidate_0088706/b_byte_stream_034BLK.bin,secret_34_outputs_retry/workspace/candidate_0088706/practrand_b_034BLK.txt
candidate_0089000,89001,TwistCandidate_89001,REPORT,TOO_MANY_SUSPICIOUS,0,1,1,0,0,0,44,46,secret_34_outputs_retry/workspace/candidate_0089000/scores_practrand_b_034BLK.txt,secret_34_outputs_retry/workspace/candidate_0089000/b_byte_stream_034BLK.bin,secret_34_outputs_retry/workspace/candidate_0089000/practrand_b_034BLK.txt
candidate_0089040,89041,TwistCandidate_89041,REPORT,TOO_MANY_FAIL,1,1,0,0,1,0,43,46,secret_34_outputs_retry/workspace/candidate_0089040/scores_practrand_b_034BLK.txt,secret_34_outputs_retry/workspace/candidate_0089040/b_byte_stream_034BLK.bin,secret_34_outputs_retry/workspace/candidate_0089040/practrand_b_034BLK.txt
candidate_0089176,89177,TwistCandidate_89177,REPORT,TOO_MANY_FAIL,4,3,0,0,2,0,37,46,secret_34_outputs_retry/workspace/candidate_0089176/scores_practrand_b_034BLK.txt,secret_34_outputs_retry/workspace/candidate_0089176/b_byte_stream_034BLK.bin,secret_34_outputs_retry/workspace/candidate_0089176/practrand_b_034BLK.txt
candidate_0089413,89414,TwistCandidate_89414,REPORT,TOO_MANY_FAIL,4,3,0,0,2,0,37,46,secret_34_outputs_retry/workspace/candidate_0089413/scores_practrand_b_034BLK.txt,secret_34_outputs_retry/workspace/candidate_0089413/b_byte_stream_034BLK.bin,secret_34_outputs_retry/workspace/candidate_0089413/practrand_b_034BLK.txt
candidate_0089616,89617,TwistCandidate_89617,REPORT,TOO_MANY_FAIL,4,0,1,0,0,0,41,46,secret_34_outputs_retry/workspace/candidate_0089616/scores_practrand_b_034BLK.txt,secret_34_outputs_retry/workspace/candidate_0089616/b_byte_stream_034BLK.bin,secret_34_outputs_retry/workspace/candidate_0089616/practrand_b_034BLK.txt
candidate_0089713,89714,TwistCandidate_89714,REPORT,TOO_MANY_FAIL,4,0,0,1,0,0,41,46,secret_34_outputs_retry/workspace/candidate_0089713/scores_practrand_b_034BLK.txt,secret_34_outputs_retry/workspace/candidate_0089713/b_byte_stream_034BLK.bin,secret_34_outputs_retry/workspace/candidate_0089713/practrand_b_034BLK.txt
candidate_0090222,90223,TwistCandidate_90223,REPORT,TOO_MANY_FAIL,4,0,0,1,0,0,41,46,secret_34_outputs_retry/workspace/candidate_0090222/scores_practrand_b_034BLK.txt,secret_34_outputs_retry/workspace/candidate_0090222/b_byte_stream_034BLK.bin,secret_34_outputs_retry/workspace/candidate_0090222/practrand_b_034BLK.txt
candidate_0090470,90471,TwistCandidate_90471,REPORT,PASS,0,0,0,0,2,0,44,46,secret_34_outputs_retry/workspace/candidate_0090470/scores_practrand_b_034BLK.txt,secret_34_outputs_retry/workspace/candidate_0090470/b_byte_stream_034BLK.bin,secret_34_outputs_retry/workspace/candidate_0090470/practrand_b_034BLK.txt
candidate_0090697,90698,TwistCandidate_90698,REPORT,TOO_MANY_FAIL,4,4,2,1,1,0,34,46,secret_34_outputs_retry/workspace/candidate_0090697/scores_practrand_b_034BLK.txt,secret_34_outputs_retry/workspace/candidate_0090697/b_byte_stream_034BLK.bin,secret_34_outputs_retry/workspace/candidate_0090697/practrand_b_034BLK.txt
candidate_0090814,90815,TwistCandidate_90815,REPORT,TOO_MANY_FAIL,1,2,0,0,1,0,42,46,secret_34_outputs_retry/workspace/candidate_0090814/scores_practrand_b_034BLK.txt,secret_34_outputs_retry/workspace/candidate_0090814/b_byte_stream_034BLK.bin,secret_34_outputs_retry/workspace/candidate_0090814/practrand_b_034BLK.txt
candidate_0090949,90950,TwistCandidate_90950,REPORT,TOO_MANY_FAIL,4,0,1,0,0,0,41,46,secret_34_outputs_retry/workspace/candidate_0090949/scores_practrand_b_034BLK.txt,secret_34_outputs_retry/workspace/candidate_0090949/b_byte_stream_034BLK.bin,secret_34_outputs_retry/workspace/candidate_0090949/practrand_b_034BLK.txt
candidate_0091296,91297,TwistCandidate_91297,REPORT,TOO_MANY_FAIL,4,1,0,2,1,0,38,46,secret_34_outputs_retry/workspace/candidate_0091296/scores_practrand_b_034BLK.txt,secret_34_outputs_retry/workspace/candidate_0091296/b_byte_stream_034BLK.bin,secret_34_outputs_retry/workspace/candidate_0091296/practrand_b_034BLK.txt
candidate_0091318,91319,TwistCandidate_91319,REPORT,TOO_MANY_FAIL,4,2,2,0,1,0,37,46,secret_34_outputs_retry/workspace/candidate_0091318/scores_practrand_b_034BLK.txt,secret_34_outputs_retry/workspace/candidate_0091318/b_byte_stream_034BLK.bin,secret_34_outputs_retry/workspace/candidate_0091318/practrand_b_034BLK.txt
candidate_0091339,91340,TwistCandidate_91340,REPORT,TOO_MANY_FAIL,6,9,0,0,0,0,31,46,secret_34_outputs_retry/workspace/candidate_0091339/scores_practrand_b_034BLK.txt,secret_34_outputs_retry/workspace/candidate_0091339/b_byte_stream_034BLK.bin,secret_34_outputs_retry/workspace/candidate_0091339/practrand_b_034BLK.txt
candidate_0091958,91959,TwistCandidate_91959,REPORT,TOO_MANY_FAIL,5,3,0,0,2,0,36,46,secret_34_outputs_retry/workspace/candidate_0091958/scores_practrand_b_034BLK.txt,secret_34_outputs_retry/workspace/candidate_0091958/b_byte_stream_034BLK.bin,secret_34_outputs_retry/workspace/candidate_0091958/practrand_b_034BLK.txt
candidate_0091978,91979,TwistCandidate_91979,REPORT,TOO_MANY_FAIL,4,0,0,0,2,0,40,46,secret_34_outputs_retry/workspace/candidate_0091978/scores_practrand_b_034BLK.txt,secret_34_outputs_retry/workspace/candidate_0091978/b_byte_stream_034BLK.bin,secret_34_outputs_retry/workspace/candidate_0091978/practrand_b_034BLK.txt
candidate_0092156,92157,TwistCandidate_92157,REPORT,TOO_MANY_FAIL,4,2,2,2,0,0,36,46,secret_34_outputs_retry/workspace/candidate_0092156/scores_practrand_b_034BLK.txt,secret_34_outputs_retry/workspace/candidate_0092156/b_byte_stream_034BLK.bin,secret_34_outputs_retry/workspace/candidate_0092156/practrand_b_034BLK.txt
candidate_0092158,92159,TwistCandidate_92159,REPORT,TOO_MANY_FAIL,2,0,0,0,2,0,42,46,secret_34_outputs_retry/workspace/candidate_0092158/scores_practrand_b_034BLK.txt,secret_34_outputs_retry/workspace/candidate_0092158/b_byte_stream_034BLK.bin,secret_34_outputs_retry/workspace/candidate_0092158/practrand_b_034BLK.txt
candidate_0092277,92278,TwistCandidate_92278,REPORT,TOO_MANY_FAIL,5,4,2,1,5,0,29,46,secret_34_outputs_retry/workspace/candidate_0092277/scores_practrand_b_034BLK.txt,secret_34_outputs_retry/workspace/candidate_0092277/b_byte_stream_034BLK.bin,secret_34_outputs_retry/workspace/candidate_0092277/practrand_b_034BLK.txt
candidate_0092494,92495,TwistCandidate_92495,REPORT,TOO_MANY_FAIL,3,1,0,1,2,0,39,46,secret_34_outputs_retry/workspace/candidate_0092494/scores_practrand_b_034BLK.txt,secret_34_outputs_retry/workspace/candidate_0092494/b_byte_stream_034BLK.bin,secret_34_outputs_retry/workspace/candidate_0092494/practrand_b_034BLK.txt
candidate_0092534,92535,TwistCandidate_92535,REPORT,TOO_MANY_FAIL,3,1,0,0,1,0,41,46,secret_34_outputs_retry/workspace/candidate_0092534/scores_practrand_b_034BLK.txt,secret_34_outputs_retry/workspace/candidate_0092534/b_byte_stream_034BLK.bin,secret_34_outputs_retry/workspace/candidate_0092534/practrand_b_034BLK.txt
candidate_0092640,92641,TwistCandidate_92641,REPORT,TOO_MANY_FAIL,1,1,0,0,0,0,44,46,secret_34_outputs_retry/workspace/candidate_0092640/scores_practrand_b_034BLK.txt,secret_34_outputs_retry/workspace/candidate_0092640/b_byte_stream_034BLK.bin,secret_34_outputs_retry/workspace/candidate_0092640/practrand_b_034BLK.txt
candidate_0092651,92652,TwistCandidate_92652,REPORT,TOO_MANY_FAIL,2,1,1,2,1,0,39,46,secret_34_outputs_retry/workspace/candidate_0092651/scores_practrand_b_034BLK.txt,secret_34_outputs_retry/workspace/candidate_0092651/b_byte_stream_034BLK.bin,secret_34_outputs_retry/workspace/candidate_0092651/practrand_b_034BLK.txt
candidate_0093906,93907,TwistCandidate_93907,REPORT,TOO_MANY_FAIL,5,3,1,2,1,0,34,46,secret_34_outputs_retry/workspace/candidate_0093906/scores_practrand_b_034BLK.txt,secret_34_outputs_retry/workspace/candidate_0093906/b_byte_stream_034BLK.bin,secret_34_outputs_retry/workspace/candidate_0093906/practrand_b_034BLK.txt
candidate_0093990,93991,TwistCandidate_93991,REPORT,PASS,0,0,0,1,1,0,44,46,secret_34_outputs_retry/workspace/candidate_0093990/scores_practrand_b_034BLK.txt,secret_34_outputs_retry/workspace/candidate_0093990/b_byte_stream_034BLK.bin,secret_34_outputs_retry/workspace/candidate_0093990/practrand_b_034BLK.txt
candidate_0094180,94181,TwistCandidate_94181,REPORT,TOO_MANY_FAIL,4,3,0,0,2,0,37,46,secret_34_outputs_retry/workspace/candidate_0094180/scores_practrand_b_034BLK.txt,secret_34_outputs_retry/workspace/candidate_0094180/b_byte_stream_034BLK.bin,secret_34_outputs_retry/workspace/candidate_0094180/practrand_b_034BLK.txt
candidate_0094206,94207,TwistCandidate_94207,REPORT,TOO_MANY_FAIL,4,3,0,2,1,0,36,46,secret_34_outputs_retry/workspace/candidate_0094206/scores_practrand_b_034BLK.txt,secret_34_outputs_retry/workspace/candidate_0094206/b_byte_stream_034BLK.bin,secret_34_outputs_retry/workspace/candidate_0094206/practrand_b_034BLK.txt
candidate_0094302,94303,TwistCandidate_94303,REPORT,TOO_MANY_FAIL,4,1,0,1,2,0,38,46,secret_34_outputs_retry/workspace/candidate_0094302/scores_practrand_b_034BLK.txt,secret_34_outputs_retry/workspace/candidate_0094302/b_byte_stream_034BLK.bin,secret_34_outputs_retry/workspace/candidate_0094302/practrand_b_034BLK.txt
candidate_0094435,94436,TwistCandidate_94436,REPORT,PASS,0,3,0,1,0,0,42,46,secret_34_outputs_retry/workspace/candidate_0094435/scores_practrand_b_034BLK.txt,secret_34_outputs_retry/workspace/candidate_0094435/b_byte_stream_034BLK.bin,secret_34_outputs_retry/workspace/candidate_0094435/practrand_b_034BLK.txt
candidate_0094799,94800,TwistCandidate_94800,REPORT,TOO_MANY_FAIL,2,1,0,2,1,0,40,46,secret_34_outputs_retry/workspace/candidate_0094799/scores_practrand_b_034BLK.txt,secret_34_outputs_retry/workspace/candidate_0094799/b_byte_stream_034BLK.bin,secret_34_outputs_retry/workspace/candidate_0094799/practrand_b_034BLK.txt
candidate_0095451,95452,TwistCandidate_95452,REPORT,TOO_MANY_FAIL,4,0,0,1,0,0,41,46,secret_34_outputs_retry/workspace/candidate_0095451/scores_practrand_b_034BLK.txt,secret_34_outputs_retry/workspace/candidate_0095451/b_byte_stream_034BLK.bin,secret_34_outputs_retry/workspace/candidate_0095451/practrand_b_034BLK.txt
candidate_0095887,95888,TwistCandidate_95888,REPORT,TOO_MANY_FAIL,4,0,0,0,1,0,41,46,secret_34_outputs_retry/workspace/candidate_0095887/scores_practrand_b_034BLK.txt,secret_34_outputs_retry/workspace/candidate_0095887/b_byte_stream_034BLK.bin,secret_34_outputs_retry/workspace/candidate_0095887/practrand_b_034BLK.txt
candidate_0095923,95924,TwistCandidate_95924,REPORT,TOO_MANY_FAIL,3,1,0,0,2,0,40,46,secret_34_outputs_retry/workspace/candidate_0095923/scores_practrand_b_034BLK.txt,secret_34_outputs_retry/workspace/candidate_0095923/b_byte_stream_034BLK.bin,secret_34_outputs_retry/workspace/candidate_0095923/practrand_b_034BLK.txt
candidate_0096116,96117,TwistCandidate_96117,REPORT,TOO_MANY_FAIL,1,1,0,0,0,0,44,46,secret_34_outputs_retry/workspace/candidate_0096116/scores_practrand_b_034BLK.txt,secret_34_outputs_retry/workspace/candidate_0096116/b_byte_stream_034BLK.bin,secret_34_outputs_retry/workspace/candidate_0096116/practrand_b_034BLK.txt
candidate_0096300,96301,TwistCandidate_96301,REPORT,TOO_MANY_FAIL,5,8,1,2,1,0,29,46,secret_34_outputs_retry/workspace/candidate_0096300/scores_practrand_b_034BLK.txt,secret_34_outputs_retry/workspace/candidate_0096300/b_byte_stream_034BLK.bin,secret_34_outputs_retry/workspace/candidate_0096300/practrand_b_034BLK.txt
candidate_0096392,96393,TwistCandidate_96393,REPORT,TOO_MANY_FAIL,4,1,0,1,3,0,37,46,secret_34_outputs_retry/workspace/candidate_0096392/scores_practrand_b_034BLK.txt,secret_34_outputs_retry/workspace/candidate_0096392/b_byte_stream_034BLK.bin,secret_34_outputs_retry/workspace/candidate_0096392/practrand_b_034BLK.txt
candidate_0096487,96488,TwistCandidate_96488,REPORT,TOO_MANY_FAIL,4,2,1,2,3,0,34,46,secret_34_outputs_retry/workspace/candidate_0096487/scores_practrand_b_034BLK.txt,secret_34_outputs_retry/workspace/candidate_0096487/b_byte_stream_034BLK.bin,secret_34_outputs_retry/workspace/candidate_0096487/practrand_b_034BLK.txt
candidate_0096633,96634,TwistCandidate_96634,REPORT,TOO_MANY_FAIL,4,3,1,1,3,0,34,46,secret_34_outputs_retry/workspace/candidate_0096633/scores_practrand_b_034BLK.txt,secret_34_outputs_retry/workspace/candidate_0096633/b_byte_stream_034BLK.bin,secret_34_outputs_retry/workspace/candidate_0096633/practrand_b_034BLK.txt
candidate_0097053,97054,TwistCandidate_97054,REPORT,TOO_MANY_FAIL,4,0,0,1,2,0,39,46,secret_34_outputs_retry/workspace/candidate_0097053/scores_practrand_b_034BLK.txt,secret_34_outputs_retry/workspace/candidate_0097053/b_byte_stream_034BLK.bin,secret_34_outputs_retry/workspace/candidate_0097053/practrand_b_034BLK.txt
candidate_0097547,97548,TwistCandidate_97548,REPORT,TOO_MANY_FAIL,3,1,0,0,1,0,41,46,secret_34_outputs_retry/workspace/candidate_0097547/scores_practrand_b_034BLK.txt,secret_34_outputs_retry/workspace/candidate_0097547/b_byte_stream_034BLK.bin,secret_34_outputs_retry/workspace/candidate_0097547/practrand_b_034BLK.txt
candidate_0097555,97556,TwistCandidate_97556,REPORT,TOO_MANY_FAIL,4,0,2,0,0,0,40,46,secret_34_outputs_retry/workspace/candidate_0097555/scores_practrand_b_034BLK.txt,secret_34_outputs_retry/workspace/candidate_0097555/b_byte_stream_034BLK.bin,secret_34_outputs_retry/workspace/candidate_0097555/practrand_b_034BLK.txt
candidate_0097617,97618,TwistCandidate_97618,REPORT,TOO_MANY_FAIL,3,1,0,0,3,0,39,46,secret_34_outputs_retry/workspace/candidate_0097617/scores_practrand_b_034BLK.txt,secret_34_outputs_retry/workspace/candidate_0097617/b_byte_stream_034BLK.bin,secret_34_outputs_retry/workspace/candidate_0097617/practrand_b_034BLK.txt
candidate_0097697,97698,TwistCandidate_97698,REPORT,TOO_MANY_FAIL,1,1,1,1,4,0,38,46,secret_34_outputs_retry/workspace/candidate_0097697/scores_practrand_b_034BLK.txt,secret_34_outputs_retry/workspace/candidate_0097697/b_byte_stream_034BLK.bin,secret_34_outputs_retry/workspace/candidate_0097697/practrand_b_034BLK.txt
candidate_0098098,98099,TwistCandidate_98099,REPORT,TOO_MANY_FAIL,5,2,0,2,4,0,33,46,secret_34_outputs_retry/workspace/candidate_0098098/scores_practrand_b_034BLK.txt,secret_34_outputs_retry/workspace/candidate_0098098/b_byte_stream_034BLK.bin,secret_34_outputs_retry/workspace/candidate_0098098/practrand_b_034BLK.txt
candidate_0098236,98237,TwistCandidate_98237,REPORT,TOO_MANY_FAIL,4,2,0,0,1,0,39,46,secret_34_outputs_retry/workspace/candidate_0098236/scores_practrand_b_034BLK.txt,secret_34_outputs_retry/workspace/candidate_0098236/b_byte_stream_034BLK.bin,secret_34_outputs_retry/workspace/candidate_0098236/practrand_b_034BLK.txt
candidate_0098376,98377,TwistCandidate_98377,REPORT,TOO_MANY_FAIL,3,1,1,1,1,0,39,46,secret_34_outputs_retry/workspace/candidate_0098376/scores_practrand_b_034BLK.txt,secret_34_outputs_retry/workspace/candidate_0098376/b_byte_stream_034BLK.bin,secret_34_outputs_retry/workspace/candidate_0098376/practrand_b_034BLK.txt
candidate_0099323,99324,TwistCandidate_99324,REPORT,TOO_MANY_FAIL,4,0,1,2,2,0,37,46,secret_34_outputs_retry/workspace/candidate_0099323/scores_practrand_b_034BLK.txt,secret_34_outputs_retry/workspace/candidate_0099323/b_byte_stream_034BLK.bin,secret_34_outputs_retry/workspace/candidate_0099323/practrand_b_034BLK.txt
candidate_0099678,99679,TwistCandidate_99679,REPORT,TOO_MANY_FAIL,2,0,0,1,0,0,43,46,secret_34_outputs_retry/workspace/candidate_0099678/scores_practrand_b_034BLK.txt,secret_34_outputs_retry/workspace/candidate_0099678/b_byte_stream_034BLK.bin,secret_34_outputs_retry/workspace/candidate_0099678/practrand_b_034BLK.txt
candidate_0100217,100218,TwistCandidate_100218,REPORT,TOO_MANY_FAIL,4,1,2,1,2,0,36,46,secret_34_outputs_retry/workspace/candidate_0100217/scores_practrand_b_034BLK.txt,secret_34_outputs_retry/workspace/candidate_0100217/b_byte_stream_034BLK.bin,secret_34_outputs_retry/workspace/candidate_0100217/practrand_b_034BLK.txt
candidate_0100346,100347,TwistCandidate_100347,REPORT,TOO_MANY_FAIL,4,2,1,0,0,0,39,46,secret_34_outputs_retry/workspace/candidate_0100346/scores_practrand_b_034BLK.txt,secret_34_outputs_retry/workspace/candidate_0100346/b_byte_stream_034BLK.bin,secret_34_outputs_retry/workspace/candidate_0100346/practrand_b_034BLK.txt
candidate_0100701,100702,TwistCandidate_100702,REPORT,TOO_MANY_FAIL,4,6,3,3,0,0,30,46,secret_34_outputs_retry/workspace/candidate_0100701/scores_practrand_b_034BLK.txt,secret_34_outputs_retry/workspace/candidate_0100701/b_byte_stream_034BLK.bin,secret_34_outputs_retry/workspace/candidate_0100701/practrand_b_034BLK.txt
candidate_0100717,100718,TwistCandidate_100718,REPORT,PASS,0,4,0,0,0,0,42,46,secret_34_outputs_retry/workspace/candidate_0100717/scores_practrand_b_034BLK.txt,secret_34_outputs_retry/workspace/candidate_0100717/b_byte_stream_034BLK.bin,secret_34_outputs_retry/workspace/candidate_0100717/practrand_b_034BLK.txt
candidate_0100862,100863,TwistCandidate_100863,REPORT,TOO_MANY_FAIL,3,1,1,0,1,0,40,46,secret_34_outputs_retry/workspace/candidate_0100862/scores_practrand_b_034BLK.txt,secret_34_outputs_retry/workspace/candidate_0100862/b_byte_stream_034BLK.bin,secret_34_outputs_retry/workspace/candidate_0100862/practrand_b_034BLK.txt
candidate_0101085,101086,TwistCandidate_101086,REPORT,TOO_MANY_FAIL,4,0,0,0,1,0,41,46,secret_34_outputs_retry/workspace/candidate_0101085/scores_practrand_b_034BLK.txt,secret_34_outputs_retry/workspace/candidate_0101085/b_byte_stream_034BLK.bin,secret_34_outputs_retry/workspace/candidate_0101085/practrand_b_034BLK.txt
candidate_0101567,101568,TwistCandidate_101568,REPORT,PASS,0,0,0,1,1,0,44,46,secret_34_outputs_retry/workspace/candidate_0101567/scores_practrand_b_034BLK.txt,secret_34_outputs_retry/workspace/candidate_0101567/b_byte_stream_034BLK.bin,secret_34_outputs_retry/workspace/candidate_0101567/practrand_b_034BLK.txt
candidate_0101784,101785,TwistCandidate_101785,REPORT,TOO_MANY_FAIL,3,1,0,0,2,0,40,46,secret_34_outputs_retry/workspace/candidate_0101784/scores_practrand_b_034BLK.txt,secret_34_outputs_retry/workspace/candidate_0101784/b_byte_stream_034BLK.bin,secret_34_outputs_retry/workspace/candidate_0101784/practrand_b_034BLK.txt
candidate_0101836,101837,TwistCandidate_101837,REPORT,TOO_MANY_FAIL,4,0,0,1,0,0,41,46,secret_34_outputs_retry/workspace/candidate_0101836/scores_practrand_b_034BLK.txt,secret_34_outputs_retry/workspace/candidate_0101836/b_byte_stream_034BLK.bin,secret_34_outputs_retry/workspace/candidate_0101836/practrand_b_034BLK.txt
candidate_0101961,101962,TwistCandidate_101962,REPORT,TOO_MANY_FAIL,3,1,0,0,5,0,37,46,secret_34_outputs_retry/workspace/candidate_0101961/scores_practrand_b_034BLK.txt,secret_34_outputs_retry/workspace/candidate_0101961/b_byte_stream_034BLK.bin,secret_34_outputs_retry/workspace/candidate_0101961/practrand_b_034BLK.txt
candidate_0102337,102338,TwistCandidate_102338,REPORT,TOO_MANY_FAIL,4,2,0,1,0,0,39,46,secret_34_outputs_retry/workspace/candidate_0102337/scores_practrand_b_034BLK.txt,secret_34_outputs_retry/workspace/candidate_0102337/b_byte_stream_034BLK.bin,secret_34_outputs_retry/workspace/candidate_0102337/practrand_b_034BLK.txt
candidate_0102381,102382,TwistCandidate_102382,REPORT,TOO_MANY_FAIL,3,1,1,0,1,0,40,46,secret_34_outputs_retry/workspace/candidate_0102381/scores_practrand_b_034BLK.txt,secret_34_outputs_retry/workspace/candidate_0102381/b_byte_stream_034BLK.bin,secret_34_outputs_retry/workspace/candidate_0102381/practrand_b_034BLK.txt
candidate_0102386,102387,TwistCandidate_102387,REPORT,TOO_MANY_FAIL,8,7,1,2,0,0,28,46,secret_34_outputs_retry/workspace/candidate_0102386/scores_practrand_b_034BLK.txt,secret_34_outputs_retry/workspace/candidate_0102386/b_byte_stream_034BLK.bin,secret_34_outputs_retry/workspace/candidate_0102386/practrand_b_034BLK.txt
candidate_0102862,102863,TwistCandidate_102863,REPORT,PASS,0,1,0,1,0,0,44,46,secret_34_outputs_retry/workspace/candidate_0102862/scores_practrand_b_034BLK.txt,secret_34_outputs_retry/workspace/candidate_0102862/b_byte_stream_034BLK.bin,secret_34_outputs_retry/workspace/candidate_0102862/practrand_b_034BLK.txt
candidate_0103073,103074,TwistCandidate_103074,REPORT,TOO_MANY_FAIL,4,0,2,1,1,0,38,46,secret_34_outputs_retry/workspace/candidate_0103073/scores_practrand_b_034BLK.txt,secret_34_outputs_retry/workspace/candidate_0103073/b_byte_stream_034BLK.bin,secret_34_outputs_retry/workspace/candidate_0103073/practrand_b_034BLK.txt
candidate_0103236,103237,TwistCandidate_103237,REPORT,TOO_MANY_FAIL,3,1,0,0,1,0,41,46,secret_34_outputs_retry/workspace/candidate_0103236/scores_practrand_b_034BLK.txt,secret_34_outputs_retry/workspace/candidate_0103236/b_byte_stream_034BLK.bin,secret_34_outputs_retry/workspace/candidate_0103236/practrand_b_034BLK.txt
candidate_0103385,103386,TwistCandidate_103386,REPORT,TOO_MANY_FAIL,2,0,1,1,1,0,41,46,secret_34_outputs_retry/workspace/candidate_0103385/scores_practrand_b_034BLK.txt,secret_34_outputs_retry/workspace/candidate_0103385/b_byte_stream_034BLK.bin,secret_34_outputs_retry/workspace/candidate_0103385/practrand_b_034BLK.txt
candidate_0103647,103648,TwistCandidate_103648,REPORT,TOO_MANY_FAIL,2,2,0,1,2,0,39,46,secret_34_outputs_retry/workspace/candidate_0103647/scores_practrand_b_034BLK.txt,secret_34_outputs_retry/workspace/candidate_0103647/b_byte_stream_034BLK.bin,secret_34_outputs_retry/workspace/candidate_0103647/practrand_b_034BLK.txt
candidate_0104092,104093,TwistCandidate_104093,REPORT,TOO_MANY_FAIL,4,1,2,2,2,0,35,46,secret_34_outputs_retry/workspace/candidate_0104092/scores_practrand_b_034BLK.txt,secret_34_outputs_retry/workspace/candidate_0104092/b_byte_stream_034BLK.bin,secret_34_outputs_retry/workspace/candidate_0104092/practrand_b_034BLK.txt
candidate_0104243,104244,TwistCandidate_104244,REPORT,TOO_MANY_FAIL,9,4,1,0,2,0,30,46,secret_34_outputs_retry/workspace/candidate_0104243/scores_practrand_b_034BLK.txt,secret_34_outputs_retry/workspace/candidate_0104243/b_byte_stream_034BLK.bin,secret_34_outputs_retry/workspace/candidate_0104243/practrand_b_034BLK.txt
candidate_0104643,104644,TwistCandidate_104644,REPORT,TOO_MANY_FAIL,4,0,0,1,0,0,41,46,secret_34_outputs_retry/workspace/candidate_0104643/scores_practrand_b_034BLK.txt,secret_34_outputs_retry/workspace/candidate_0104643/b_byte_stream_034BLK.bin,secret_34_outputs_retry/workspace/candidate_0104643/practrand_b_034BLK.txt
candidate_0104765,104766,TwistCandidate_104766,REPORT,TOO_MANY_FAIL,2,0,0,1,1,0,42,46,secret_34_outputs_retry/workspace/candidate_0104765/scores_practrand_b_034BLK.txt,secret_34_outputs_retry/workspace/candidate_0104765/b_byte_stream_034BLK.bin,secret_34_outputs_retry/workspace/candidate_0104765/practrand_b_034BLK.txt
candidate_0104779,104780,TwistCandidate_104780,REPORT,TOO_MANY_FAIL,5,1,0,1,2,0,37,46,secret_34_outputs_retry/workspace/candidate_0104779/scores_practrand_b_034BLK.txt,secret_34_outputs_retry/workspace/candidate_0104779/b_byte_stream_034BLK.bin,secret_34_outputs_retry/workspace/candidate_0104779/practrand_b_034BLK.txt
candidate_0104852,104853,TwistCandidate_104853,REPORT,TOO_MANY_FAIL,4,0,1,1,1,0,39,46,secret_34_outputs_retry/workspace/candidate_0104852/scores_practrand_b_034BLK.txt,secret_34_outputs_retry/workspace/candidate_0104852/b_byte_stream_034BLK.bin,secret_34_outputs_retry/workspace/candidate_0104852/practrand_b_034BLK.txt
candidate_0105328,105329,TwistCandidate_105329,REPORT,TOO_MANY_FAIL,4,0,0,2,0,0,40,46,secret_34_outputs_retry/workspace/candidate_0105328/scores_practrand_b_034BLK.txt,secret_34_outputs_retry/workspace/candidate_0105328/b_byte_stream_034BLK.bin,secret_34_outputs_retry/workspace/candidate_0105328/practrand_b_034BLK.txt
candidate_0105363,105364,TwistCandidate_105364,REPORT,TOO_MANY_FAIL,2,0,1,1,0,0,42,46,secret_34_outputs_retry/workspace/candidate_0105363/scores_practrand_b_034BLK.txt,secret_34_outputs_retry/workspace/candidate_0105363/b_byte_stream_034BLK.bin,secret_34_outputs_retry/workspace/candidate_0105363/practrand_b_034BLK.txt
candidate_0105492,105493,TwistCandidate_105493,REPORT,TOO_MANY_FAIL,3,1,0,0,1,0,41,46,secret_34_outputs_retry/workspace/candidate_0105492/scores_practrand_b_034BLK.txt,secret_34_outputs_retry/workspace/candidate_0105492/b_byte_stream_034BLK.bin,secret_34_outputs_retry/workspace/candidate_0105492/practrand_b_034BLK.txt
candidate_0105508,105509,TwistCandidate_105509,REPORT,TOO_MANY_FAIL,4,0,0,0,3,0,39,46,secret_34_outputs_retry/workspace/candidate_0105508/scores_practrand_b_034BLK.txt,secret_34_outputs_retry/workspace/candidate_0105508/b_byte_stream_034BLK.bin,secret_34_outputs_retry/workspace/candidate_0105508/practrand_b_034BLK.txt
candidate_0105560,105561,TwistCandidate_105561,REPORT,TOO_MANY_FAIL,4,0,0,0,1,0,41,46,secret_34_outputs_retry/workspace/candidate_0105560/scores_practrand_b_034BLK.txt,secret_34_outputs_retry/workspace/candidate_0105560/b_byte_stream_034BLK.bin,secret_34_outputs_retry/workspace/candidate_0105560/practrand_b_034BLK.txt
candidate_0106086,106087,TwistCandidate_106087,REPORT,TOO_MANY_FAIL,4,1,6,0,2,0,33,46,secret_34_outputs_retry/workspace/candidate_0106086/scores_practrand_b_034BLK.txt,secret_34_outputs_retry/workspace/candidate_0106086/b_byte_stream_034BLK.bin,secret_34_outputs_retry/workspace/candidate_0106086/practrand_b_034BLK.txt
candidate_0106546,106547,TwistCandidate_106547,REPORT,TOO_MANY_FAIL,4,3,3,3,1,0,32,46,secret_34_outputs_retry/workspace/candidate_0106546/scores_practrand_b_034BLK.txt,secret_34_outputs_retry/workspace/candidate_0106546/b_byte_stream_034BLK.bin,secret_34_outputs_retry/workspace/candidate_0106546/practrand_b_034BLK.txt
candidate_0106590,106591,TwistCandidate_106591,REPORT,TOO_MANY_FAIL,2,1,1,0,0,0,42,46,secret_34_outputs_retry/workspace/candidate_0106590/scores_practrand_b_034BLK.txt,secret_34_outputs_retry/workspace/candidate_0106590/b_byte_stream_034BLK.bin,secret_34_outputs_retry/workspace/candidate_0106590/practrand_b_034BLK.txt
candidate_0106704,106705,TwistCandidate_106705,REPORT,TOO_MANY_FAIL,4,0,0,1,1,0,40,46,secret_34_outputs_retry/workspace/candidate_0106704/scores_practrand_b_034BLK.txt,secret_34_outputs_retry/workspace/candidate_0106704/b_byte_stream_034BLK.bin,secret_34_outputs_retry/workspace/candidate_0106704/practrand_b_034BLK.txt
candidate_0106882,106883,TwistCandidate_106883,REPORT,PASS,0,3,0,1,0,0,42,46,secret_34_outputs_retry/workspace/candidate_0106882/scores_practrand_b_034BLK.txt,secret_34_outputs_retry/workspace/candidate_0106882/b_byte_stream_034BLK.bin,secret_34_outputs_retry/workspace/candidate_0106882/practrand_b_034BLK.txt
candidate_0106886,106887,TwistCandidate_106887,REPORT,TOO_MANY_SUSPICIOUS,0,1,1,1,1,0,42,46,secret_34_outputs_retry/workspace/candidate_0106886/scores_practrand_b_034BLK.txt,secret_34_outputs_retry/workspace/candidate_0106886/b_byte_stream_034BLK.bin,secret_34_outputs_retry/workspace/candidate_0106886/practrand_b_034BLK.txt
candidate_0107057,107058,TwistCandidate_107058,REPORT,TOO_MANY_FAIL,4,0,0,0,4,0,38,46,secret_34_outputs_retry/workspace/candidate_0107057/scores_practrand_b_034BLK.txt,secret_34_outputs_retry/workspace/candidate_0107057/b_byte_stream_034BLK.bin,secret_34_outputs_retry/workspace/candidate_0107057/practrand_b_034BLK.txt
candidate_0107240,107241,TwistCandidate_107241,REPORT,TOO_MANY_FAIL,4,1,1,2,3,0,35,46,secret_34_outputs_retry/workspace/candidate_0107240/scores_practrand_b_034BLK.txt,secret_34_outputs_retry/workspace/candidate_0107240/b_byte_stream_034BLK.bin,secret_34_outputs_retry/workspace/candidate_0107240/practrand_b_034BLK.txt
candidate_0107292,107293,TwistCandidate_107293,REPORT,TOO_MANY_FAIL,4,0,0,1,3,0,38,46,secret_34_outputs_retry/workspace/candidate_0107292/scores_practrand_b_034BLK.txt,secret_34_outputs_retry/workspace/candidate_0107292/b_byte_stream_034BLK.bin,secret_34_outputs_retry/workspace/candidate_0107292/practrand_b_034BLK.txt
candidate_0107425,107426,TwistCandidate_107426,REPORT,TOO_MANY_FAIL,6,9,1,1,1,0,28,46,secret_34_outputs_retry/workspace/candidate_0107425/scores_practrand_b_034BLK.txt,secret_34_outputs_retry/workspace/candidate_0107425/b_byte_stream_034BLK.bin,secret_34_outputs_retry/workspace/candidate_0107425/practrand_b_034BLK.txt
candidate_0107969,107970,TwistCandidate_107970,REPORT,TOO_MANY_FAIL,4,0,1,1,2,0,38,46,secret_34_outputs_retry/workspace/candidate_0107969/scores_practrand_b_034BLK.txt,secret_34_outputs_retry/workspace/candidate_0107969/b_byte_stream_034BLK.bin,secret_34_outputs_retry/workspace/candidate_0107969/practrand_b_034BLK.txt
candidate_0108170,108171,TwistCandidate_108171,REPORT,PASS,0,0,0,1,2,0,43,46,secret_34_outputs_retry/workspace/candidate_0108170/scores_practrand_b_034BLK.txt,secret_34_outputs_retry/workspace/candidate_0108170/b_byte_stream_034BLK.bin,secret_34_outputs_retry/workspace/candidate_0108170/practrand_b_034BLK.txt
candidate_0108362,108363,TwistCandidate_108363,REPORT,TOO_MANY_FAIL,4,3,2,2,2,0,33,46,secret_34_outputs_retry/workspace/candidate_0108362/scores_practrand_b_034BLK.txt,secret_34_outputs_retry/workspace/candidate_0108362/b_byte_stream_034BLK.bin,secret_34_outputs_retry/workspace/candidate_0108362/practrand_b_034BLK.txt
candidate_0108375,108376,TwistCandidate_108376,REPORT,TOO_MANY_FAIL,4,1,1,0,1,0,39,46,secret_34_outputs_retry/workspace/candidate_0108375/scores_practrand_b_034BLK.txt,secret_34_outputs_retry/workspace/candidate_0108375/b_byte_stream_034BLK.bin,secret_34_outputs_retry/workspace/candidate_0108375/practrand_b_034BLK.txt
candidate_0108625,108626,TwistCandidate_108626,REPORT,TOO_MANY_FAIL,4,3,0,2,1,0,36,46,secret_34_outputs_retry/workspace/candidate_0108625/scores_practrand_b_034BLK.txt,secret_34_outputs_retry/workspace/candidate_0108625/b_byte_stream_034BLK.bin,secret_34_outputs_retry/workspace/candidate_0108625/practrand_b_034BLK.txt
candidate_0108732,108733,TwistCandidate_108733,REPORT,TOO_MANY_FAIL,4,0,0,1,1,0,40,46,secret_34_outputs_retry/workspace/candidate_0108732/scores_practrand_b_034BLK.txt,secret_34_outputs_retry/workspace/candidate_0108732/b_byte_stream_034BLK.bin,secret_34_outputs_retry/workspace/candidate_0108732/practrand_b_034BLK.txt
candidate_0109019,109020,TwistCandidate_109020,REPORT,TOO_MANY_FAIL,4,1,2,2,1,0,36,46,secret_34_outputs_retry/workspace/candidate_0109019/scores_practrand_b_034BLK.txt,secret_34_outputs_retry/workspace/candidate_0109019/b_byte_stream_034BLK.bin,secret_34_outputs_retry/workspace/candidate_0109019/practrand_b_034BLK.txt
candidate_0109040,109041,TwistCandidate_109041,REPORT,PASS,0,1,0,2,1,0,42,46,secret_34_outputs_retry/workspace/candidate_0109040/scores_practrand_b_034BLK.txt,secret_34_outputs_retry/workspace/candidate_0109040/b_byte_stream_034BLK.bin,secret_34_outputs_retry/workspace/candidate_0109040/practrand_b_034BLK.txt
candidate_0109813,109814,TwistCandidate_109814,REPORT,TOO_MANY_FAIL,6,6,0,4,3,0,27,46,secret_34_outputs_retry/workspace/candidate_0109813/scores_practrand_b_034BLK.txt,secret_34_outputs_retry/workspace/candidate_0109813/b_byte_stream_034BLK.bin,secret_34_outputs_retry/workspace/candidate_0109813/practrand_b_034BLK.txt
candidate_0110396,110397,TwistCandidate_110397,REPORT,TOO_MANY_FAIL,4,0,0,1,0,0,41,46,secret_34_outputs_retry/workspace/candidate_0110396/scores_practrand_b_034BLK.txt,secret_34_outputs_retry/workspace/candidate_0110396/b_byte_stream_034BLK.bin,secret_34_outputs_retry/workspace/candidate_0110396/practrand_b_034BLK.txt
candidate_0110487,110488,TwistCandidate_110488,REPORT,TOO_MANY_FAIL,4,0,1,0,1,0,40,46,secret_34_outputs_retry/workspace/candidate_0110487/scores_practrand_b_034BLK.txt,secret_34_outputs_retry/workspace/candidate_0110487/b_byte_stream_034BLK.bin,secret_34_outputs_retry/workspace/candidate_0110487/practrand_b_034BLK.txt
candidate_0110599,110600,TwistCandidate_110600,REPORT,TOO_MANY_FAIL,4,0,0,2,0,0,40,46,secret_34_outputs_retry/workspace/candidate_0110599/scores_practrand_b_034BLK.txt,secret_34_outputs_retry/workspace/candidate_0110599/b_byte_stream_034BLK.bin,secret_34_outputs_retry/workspace/candidate_0110599/practrand_b_034BLK.txt
candidate_0110792,110793,TwistCandidate_110793,REPORT,TOO_MANY_FAIL,2,1,0,1,2,0,40,46,secret_34_outputs_retry/workspace/candidate_0110792/scores_practrand_b_034BLK.txt,secret_34_outputs_retry/workspace/candidate_0110792/b_byte_stream_034BLK.bin,secret_34_outputs_retry/workspace/candidate_0110792/practrand_b_034BLK.txt
candidate_0111161,111162,TwistCandidate_111162,REPORT,TOO_MANY_FAIL,4,1,1,1,2,0,37,46,secret_34_outputs_retry/workspace/candidate_0111161/scores_practrand_b_034BLK.txt,secret_34_outputs_retry/workspace/candidate_0111161/b_byte_stream_034BLK.bin,secret_34_outputs_retry/workspace/candidate_0111161/practrand_b_034BLK.txt
candidate_0111500,111501,TwistCandidate_111501,REPORT,TOO_MANY_FAIL,3,1,0,3,2,0,37,46,secret_34_outputs_retry/workspace/candidate_0111500/scores_practrand_b_034BLK.txt,secret_34_outputs_retry/workspace/candidate_0111500/b_byte_stream_034BLK.bin,secret_34_outputs_retry/workspace/candidate_0111500/practrand_b_034BLK.txt
candidate_0111753,111754,TwistCandidate_111754,REPORT,TOO_MANY_FAIL,4,2,0,2,5,0,33,46,secret_34_outputs_retry/workspace/candidate_0111753/scores_practrand_b_034BLK.txt,secret_34_outputs_retry/workspace/candidate_0111753/b_byte_stream_034BLK.bin,secret_34_outputs_retry/workspace/candidate_0111753/practrand_b_034BLK.txt
candidate_0112015,112016,TwistCandidate_112016,REPORT,TOO_MANY_FAIL,4,0,0,0,2,0,40,46,secret_34_outputs_retry/workspace/candidate_0112015/scores_practrand_b_034BLK.txt,secret_34_outputs_retry/workspace/candidate_0112015/b_byte_stream_034BLK.bin,secret_34_outputs_retry/workspace/candidate_0112015/practrand_b_034BLK.txt
candidate_0112429,112430,TwistCandidate_112430,REPORT,PASS,0,2,0,0,1,0,43,46,secret_34_outputs_retry/workspace/candidate_0112429/scores_practrand_b_034BLK.txt,secret_34_outputs_retry/workspace/candidate_0112429/b_byte_stream_034BLK.bin,secret_34_outputs_retry/workspace/candidate_0112429/practrand_b_034BLK.txt
candidate_0112631,112632,TwistCandidate_112632,REPORT,TOO_MANY_FAIL,4,1,1,4,2,0,34,46,secret_34_outputs_retry/workspace/candidate_0112631/scores_practrand_b_034BLK.txt,secret_34_outputs_retry/workspace/candidate_0112631/b_byte_stream_034BLK.bin,secret_34_outputs_retry/workspace/candidate_0112631/practrand_b_034BLK.txt
candidate_0112755,112756,TwistCandidate_112756,REPORT,TOO_MANY_FAIL,3,1,0,0,0,0,42,46,secret_34_outputs_retry/workspace/candidate_0112755/scores_practrand_b_034BLK.txt,secret_34_outputs_retry/workspace/candidate_0112755/b_byte_stream_034BLK.bin,secret_34_outputs_retry/workspace/candidate_0112755/practrand_b_034BLK.txt
candidate_0113161,113162,TwistCandidate_113162,REPORT,TOO_MANY_SUSPICIOUS,0,0,1,1,0,0,44,46,secret_34_outputs_retry/workspace/candidate_0113161/scores_practrand_b_034BLK.txt,secret_34_outputs_retry/workspace/candidate_0113161/b_byte_stream_034BLK.bin,secret_34_outputs_retry/workspace/candidate_0113161/practrand_b_034BLK.txt
candidate_0113325,113326,TwistCandidate_113326,REPORT,TOO_MANY_FAIL,5,2,1,3,1,0,34,46,secret_34_outputs_retry/workspace/candidate_0113325/scores_practrand_b_034BLK.txt,secret_34_outputs_retry/workspace/candidate_0113325/b_byte_stream_034BLK.bin,secret_34_outputs_retry/workspace/candidate_0113325/practrand_b_034BLK.txt
candidate_0113369,113370,TwistCandidate_113370,REPORT,TOO_MANY_FAIL,4,0,0,0,1,0,41,46,secret_34_outputs_retry/workspace/candidate_0113369/scores_practrand_b_034BLK.txt,secret_34_outputs_retry/workspace/candidate_0113369/b_byte_stream_034BLK.bin,secret_34_outputs_retry/workspace/candidate_0113369/practrand_b_034BLK.txt
candidate_0114395,114396,TwistCandidate_114396,REPORT,TOO_MANY_FAIL,4,0,0,0,3,0,39,46,secret_34_outputs_retry/workspace/candidate_0114395/scores_practrand_b_034BLK.txt,secret_34_outputs_retry/workspace/candidate_0114395/b_byte_stream_034BLK.bin,secret_34_outputs_retry/workspace/candidate_0114395/practrand_b_034BLK.txt
candidate_0114492,114493,TwistCandidate_114493,REPORT,TOO_MANY_FAIL,2,1,0,0,1,0,42,46,secret_34_outputs_retry/workspace/candidate_0114492/scores_practrand_b_034BLK.txt,secret_34_outputs_retry/workspace/candidate_0114492/b_byte_stream_034BLK.bin,secret_34_outputs_retry/workspace/candidate_0114492/practrand_b_034BLK.txt
candidate_0115133,115134,TwistCandidate_115134,REPORT,TOO_MANY_FAIL,4,3,1,2,4,0,32,46,secret_34_outputs_retry/workspace/candidate_0115133/scores_practrand_b_034BLK.txt,secret_34_outputs_retry/workspace/candidate_0115133/b_byte_stream_034BLK.bin,secret_34_outputs_retry/workspace/candidate_0115133/practrand_b_034BLK.txt
candidate_0115261,115262,TwistCandidate_115262,REPORT,TOO_MANY_FAIL,4,0,0,1,0,0,41,46,secret_34_outputs_retry/workspace/candidate_0115261/scores_practrand_b_034BLK.txt,secret_34_outputs_retry/workspace/candidate_0115261/b_byte_stream_034BLK.bin,secret_34_outputs_retry/workspace/candidate_0115261/practrand_b_034BLK.txt
candidate_0115418,115419,TwistCandidate_115419,REPORT,PASS,0,0,0,0,1,0,45,46,secret_34_outputs_retry/workspace/candidate_0115418/scores_practrand_b_034BLK.txt,secret_34_outputs_retry/workspace/candidate_0115418/b_byte_stream_034BLK.bin,secret_34_outputs_retry/workspace/candidate_0115418/practrand_b_034BLK.txt
candidate_0115425,115426,TwistCandidate_115426,REPORT,TOO_MANY_FAIL,4,0,1,1,4,0,36,46,secret_34_outputs_retry/workspace/candidate_0115425/scores_practrand_b_034BLK.txt,secret_34_outputs_retry/workspace/candidate_0115425/b_byte_stream_034BLK.bin,secret_34_outputs_retry/workspace/candidate_0115425/practrand_b_034BLK.txt
candidate_0115572,115573,TwistCandidate_115573,REPORT,TOO_MANY_FAIL,3,2,0,0,1,0,40,46,secret_34_outputs_retry/workspace/candidate_0115572/scores_practrand_b_034BLK.txt,secret_34_outputs_retry/workspace/candidate_0115572/b_byte_stream_034BLK.bin,secret_34_outputs_retry/workspace/candidate_0115572/practrand_b_034BLK.txt
candidate_0115614,115615,TwistCandidate_115615,REPORT,PASS,0,0,0,1,2,0,43,46,secret_34_outputs_retry/workspace/candidate_0115614/scores_practrand_b_034BLK.txt,secret_34_outputs_retry/workspace/candidate_0115614/b_byte_stream_034BLK.bin,secret_34_outputs_retry/workspace/candidate_0115614/practrand_b_034BLK.txt
candidate_0116159,116160,TwistCandidate_116160,REPORT,TOO_MANY_FAIL,4,1,1,1,2,0,37,46,secret_34_outputs_retry/workspace/candidate_0116159/scores_practrand_b_034BLK.txt,secret_34_outputs_retry/workspace/candidate_0116159/b_byte_stream_034BLK.bin,secret_34_outputs_retry/workspace/candidate_0116159/practrand_b_034BLK.txt
candidate_0116193,116194,TwistCandidate_116194,REPORT,TOO_MANY_SUSPICIOUS,0,0,1,1,0,0,44,46,secret_34_outputs_retry/workspace/candidate_0116193/scores_practrand_b_034BLK.txt,secret_34_outputs_retry/workspace/candidate_0116193/b_byte_stream_034BLK.bin,secret_34_outputs_retry/workspace/candidate_0116193/practrand_b_034BLK.txt
candidate_0116385,116386,TwistCandidate_116386,REPORT,TOO_MANY_FAIL,4,0,2,1,2,0,37,46,secret_34_outputs_retry/workspace/candidate_0116385/scores_practrand_b_034BLK.txt,secret_34_outputs_retry/workspace/candidate_0116385/b_byte_stream_034BLK.bin,secret_34_outputs_retry/workspace/candidate_0116385/practrand_b_034BLK.txt
candidate_0116584,116585,TwistCandidate_116585,REPORT,TOO_MANY_FAIL,5,2,0,2,1,0,36,46,secret_34_outputs_retry/workspace/candidate_0116584/scores_practrand_b_034BLK.txt,secret_34_outputs_retry/workspace/candidate_0116584/b_byte_stream_034BLK.bin,secret_34_outputs_retry/workspace/candidate_0116584/practrand_b_034BLK.txt
candidate_0117155,117156,TwistCandidate_117156,REPORT,PASS,0,0,0,2,1,0,43,46,secret_34_outputs_retry/workspace/candidate_0117155/scores_practrand_b_034BLK.txt,secret_34_outputs_retry/workspace/candidate_0117155/b_byte_stream_034BLK.bin,secret_34_outputs_retry/workspace/candidate_0117155/practrand_b_034BLK.txt
candidate_0117225,117226,TwistCandidate_117226,REPORT,TOO_MANY_FAIL,4,0,2,0,2,0,38,46,secret_34_outputs_retry/workspace/candidate_0117225/scores_practrand_b_034BLK.txt,secret_34_outputs_retry/workspace/candidate_0117225/b_byte_stream_034BLK.bin,secret_34_outputs_retry/workspace/candidate_0117225/practrand_b_034BLK.txt
candidate_0117535,117536,TwistCandidate_117536,REPORT,TOO_MANY_FAIL,4,1,1,1,1,0,38,46,secret_34_outputs_retry/workspace/candidate_0117535/scores_practrand_b_034BLK.txt,secret_34_outputs_retry/workspace/candidate_0117535/b_byte_stream_034BLK.bin,secret_34_outputs_retry/workspace/candidate_0117535/practrand_b_034BLK.txt
candidate_0118308,118309,TwistCandidate_118309,REPORT,TOO_MANY_FAIL,4,0,1,2,0,0,39,46,secret_34_outputs_retry/workspace/candidate_0118308/scores_practrand_b_034BLK.txt,secret_34_outputs_retry/workspace/candidate_0118308/b_byte_stream_034BLK.bin,secret_34_outputs_retry/workspace/candidate_0118308/practrand_b_034BLK.txt
candidate_0118474,118475,TwistCandidate_118475,REPORT,TOO_MANY_FAIL,4,2,2,0,5,0,33,46,secret_34_outputs_retry/workspace/candidate_0118474/scores_practrand_b_034BLK.txt,secret_34_outputs_retry/workspace/candidate_0118474/b_byte_stream_034BLK.bin,secret_34_outputs_retry/workspace/candidate_0118474/practrand_b_034BLK.txt
candidate_0118511,118512,TwistCandidate_118512,REPORT,TOO_MANY_FAIL,4,1,1,0,2,0,38,46,secret_34_outputs_retry/workspace/candidate_0118511/scores_practrand_b_034BLK.txt,secret_34_outputs_retry/workspace/candidate_0118511/b_byte_stream_034BLK.bin,secret_34_outputs_retry/workspace/candidate_0118511/practrand_b_034BLK.txt
candidate_0118739,118740,TwistCandidate_118740,REPORT,PASS,0,1,0,1,0,0,44,46,secret_34_outputs_retry/workspace/candidate_0118739/scores_practrand_b_034BLK.txt,secret_34_outputs_retry/workspace/candidate_0118739/b_byte_stream_034BLK.bin,secret_34_outputs_retry/workspace/candidate_0118739/practrand_b_034BLK.txt
candidate_0119046,119047,TwistCandidate_119047,REPORT,TOO_MANY_FAIL,5,5,0,2,3,0,31,46,secret_34_outputs_retry/workspace/candidate_0119046/scores_practrand_b_034BLK.txt,secret_34_outputs_retry/workspace/candidate_0119046/b_byte_stream_034BLK.bin,secret_34_outputs_retry/workspace/candidate_0119046/practrand_b_034BLK.txt
candidate_0119297,119298,TwistCandidate_119298,REPORT,TOO_MANY_FAIL,4,0,0,0,4,0,38,46,secret_34_outputs_retry/workspace/candidate_0119297/scores_practrand_b_034BLK.txt,secret_34_outputs_retry/workspace/candidate_0119297/b_byte_stream_034BLK.bin,secret_34_outputs_retry/workspace/candidate_0119297/practrand_b_034BLK.txt
candidate_0119454,119455,TwistCandidate_119455,REPORT,TOO_MANY_FAIL,3,1,0,1,2,0,39,46,secret_34_outputs_retry/workspace/candidate_0119454/scores_practrand_b_034BLK.txt,secret_34_outputs_retry/workspace/candidate_0119454/b_byte_stream_034BLK.bin,secret_34_outputs_retry/workspace/candidate_0119454/practrand_b_034BLK.txt
candidate_0119904,119905,TwistCandidate_119905,REPORT,TOO_MANY_FAIL,4,1,1,1,2,0,37,46,secret_34_outputs_retry/workspace/candidate_0119904/scores_practrand_b_034BLK.txt,secret_34_outputs_retry/workspace/candidate_0119904/b_byte_stream_034BLK.bin,secret_34_outputs_retry/workspace/candidate_0119904/practrand_b_034BLK.txt
candidate_0120142,120143,TwistCandidate_120143,REPORT,TOO_MANY_FAIL,4,0,1,0,0,0,41,46,secret_34_outputs_retry/workspace/candidate_0120142/scores_practrand_b_034BLK.txt,secret_34_outputs_retry/workspace/candidate_0120142/b_byte_stream_034BLK.bin,secret_34_outputs_retry/workspace/candidate_0120142/practrand_b_034BLK.txt
candidate_0120254,120255,TwistCandidate_120255,REPORT,TOO_MANY_FAIL,5,6,1,1,0,0,33,46,secret_34_outputs_retry/workspace/candidate_0120254/scores_practrand_b_034BLK.txt,secret_34_outputs_retry/workspace/candidate_0120254/b_byte_stream_034BLK.bin,secret_34_outputs_retry/workspace/candidate_0120254/practrand_b_034BLK.txt
candidate_0120356,120357,TwistCandidate_120357,REPORT,TOO_MANY_FAIL,6,0,1,1,3,0,35,46,secret_34_outputs_retry/workspace/candidate_0120356/scores_practrand_b_034BLK.txt,secret_34_outputs_retry/workspace/candidate_0120356/b_byte_stream_034BLK.bin,secret_34_outputs_retry/workspace/candidate_0120356/practrand_b_034BLK.txt
candidate_0120425,120426,TwistCandidate_120426,REPORT,TOO_MANY_FAIL,2,2,0,0,1,0,41,46,secret_34_outputs_retry/workspace/candidate_0120425/scores_practrand_b_034BLK.txt,secret_34_outputs_retry/workspace/candidate_0120425/b_byte_stream_034BLK.bin,secret_34_outputs_retry/workspace/candidate_0120425/practrand_b_034BLK.txt
candidate_0120477,120478,TwistCandidate_120478,REPORT,TOO_MANY_FAIL,3,1,0,0,2,0,40,46,secret_34_outputs_retry/workspace/candidate_0120477/scores_practrand_b_034BLK.txt,secret_34_outputs_retry/workspace/candidate_0120477/b_byte_stream_034BLK.bin,secret_34_outputs_retry/workspace/candidate_0120477/practrand_b_034BLK.txt
candidate_0121112,121113,TwistCandidate_121113,REPORT,TOO_MANY_FAIL,4,0,0,0,4,0,38,46,secret_34_outputs_retry/workspace/candidate_0121112/scores_practrand_b_034BLK.txt,secret_34_outputs_retry/workspace/candidate_0121112/b_byte_stream_034BLK.bin,secret_34_outputs_retry/workspace/candidate_0121112/practrand_b_034BLK.txt
candidate_0122122,122123,TwistCandidate_122123,REPORT,TOO_MANY_FAIL,2,0,0,4,5,0,35,46,secret_34_outputs_retry/workspace/candidate_0122122/scores_practrand_b_034BLK.txt,secret_34_outputs_retry/workspace/candidate_0122122/b_byte_stream_034BLK.bin,secret_34_outputs_retry/workspace/candidate_0122122/practrand_b_034BLK.txt
candidate_0122581,122582,TwistCandidate_122582,REPORT,TOO_MANY_FAIL,4,2,0,1,4,0,35,46,secret_34_outputs_retry/workspace/candidate_0122581/scores_practrand_b_034BLK.txt,secret_34_outputs_retry/workspace/candidate_0122581/b_byte_stream_034BLK.bin,secret_34_outputs_retry/workspace/candidate_0122581/practrand_b_034BLK.txt
candidate_0123144,123145,TwistCandidate_123145,REPORT,TOO_MANY_FAIL,4,3,0,0,1,0,38,46,secret_34_outputs_retry/workspace/candidate_0123144/scores_practrand_b_034BLK.txt,secret_34_outputs_retry/workspace/candidate_0123144/b_byte_stream_034BLK.bin,secret_34_outputs_retry/workspace/candidate_0123144/practrand_b_034BLK.txt
